Data Set 1:Time(s),Data Set 1:Position Y 1(m),Data Set 1:Velocity Y 1(m/s),Data Set 1:Acceleration Y 1(m/s??),Data Set 1:Position Y 2(m),Data Set 1:Velocity Y 2(m/s),Data Set 1:Acceleration Y 2(m/s??),Data Set 2:Time(s),Data Set 2:Position Y 1(m),Data Set 2:Velocity Y 1(m/s),Data Set 2:Acceleration Y 1(m/s??),Data Set 2:Position Y 2(m),Data Set 2:Velocity Y 2(m/s),Data Set 2:Acceleration Y 2(m/s??),Data Set 3:Time(s),Data Set 3:Position Y 1(m),Data Set 3:Velocity Y 1(m/s),Data Set 3:Acceleration Y 1(m/s??),Data Set 3:Position Y 2(m),Data Set 3:Velocity Y 2(m/s),Data Set 3:Acceleration Y 2(m/s??),Data Set 4:Time(s),Data Set 4:Position Y 1(m),Data Set 4:Velocity Y 1(m/s),Data Set 4:Acceleration Y 1(m/s??),Data Set 4:Position Y 2(m),Data Set 4:Velocity Y 2(m/s),Data Set 4:Acceleration Y 2(m/s??),Data Set 5:Time(s),Data Set 5:Position Y 1(m),Data Set 5:Velocity Y 1(m/s),Data Set 5:Acceleration Y 1(m/s??),Data Set 5:Position Y 2(m),Data Set 5:Velocity Y 2(m/s),Data Set 5:Acceleration Y 2(m/s??),Data Set 6:Time(s),Data Set 6:Position Y 1(m),Data Set 6:Velocity Y 1(m/s),Data Set 6:Acceleration Y 1(m/s??),Data Set 6:Position Y 2(m),Data Set 6:Velocity Y 2(m/s),Data Set 6:Acceleration Y 2(m/s??),Data Set 7:Time(s),Data Set 7:Position Y 1(m),Data Set 7:Velocity Y 1(m/s),Data Set 7:Acceleration Y 1(m/s??),Data Set 7:Position Y 2(m),Data Set 7:Velocity Y 2(m/s),Data Set 7:Acceleration Y 2(m/s??),Data Set 9:Time(s),Data Set 9:Position Y 1(m),Data Set 9:Velocity Y 1(m/s),Data Set 9:Acceleration Y 1(m/s??),Data Set 9:Position Y 2(m),Data Set 9:Velocity Y 2(m/s),Data Set 9:Acceleration Y 2(m/s??),Data Set 11:Time(s),Data Set 11:Position Y 1(m),Data Set 11:Velocity Y 1(m/s),Data Set 11:Acceleration Y 1(m/s??),Data Set 11:Position Y 2(m),Data Set 11:Velocity Y 2(m/s),Data Set 11:Acceleration Y 2(m/s??),Data Set 12:Time(s),Data Set 12:Position Y 1(m),Data Set 12:Velocity Y 1(m/s),Data Set 12:Acceleration Y 1(m/s??),Data Set 12:Position Y 2(m),Data Set 12:Velocity Y 2(m/s),Data Set 12:Acceleration Y 2(m/s??)
0.02,2.195683241,0,0,1.236297011,0,0.785433089,0.02,3.223194122,0,0,1.249284863,0,0,0.02,3.916451693,0,0,1.257616758,0,0,0.02,3.916206598,0,0,1.266928792,0,0,0.02,3.914736271,-0.004080931,0.063528387,1.27918148,0.001361635,0.143421699,0.02,3.914491415,0,0,1.292169333,-0.001361635,-0.016334892,0.02,4.265898705,0,0,1.480125666,0.838969813,-0.020030713,0.02,4.270309448,0,0,3.837544441,0,0,0.02,4.282562256,0,0,3.311903715,0,0,0.02,4.292609692,0,0,3.308717966,0,0
0.06,2.195683241,0,0,1.236297011,0.014039502,1.643475846,0.06,3.223194122,0,0,1.249284863,0,0,0.06,3.916451693,0,0,1.257616758,0,0,0.06,3.916206598,0,0,1.266928792,0,0,0.06,3.914491415,-0.001530349,0.055853024,1.27918148,0.002212657,0.490837776,0.06,3.914491415,0,0,1.292169333,-0.002467963,-0.001217434,0.06,4.265898705,0,0,1.513698101,0.83837356,-0.024302569,0.06,4.270309448,0,0,3.837544441,0,0,0.06,4.282562256,0,0,3.311903715,0,0,0.06,4.292609692,0,0.015599308,3.308717966,0,0
0.1,2.195683241,0,0,1.236297011,0.067083389,3.162618226,0.1,3.223194122,0,0,1.249284863,0,0,0.1,3.916451693,0,0,1.257616758,0,0,0.1,3.916206598,0,0,1.266928792,0,0,0.1,3.914491415,0.001530349,0.031457179,1.279426575,0.013376077,1.319355504,0.1,3.914491415,0,0,1.291924238,-0.002246698,0.01925437,0.1,4.265898705,0,0,1.547270417,0.836858849,-0.02477882,0.1,4.270309448,0,0,3.837544441,0,0,0.1,4.282562256,0,0,3.311903715,0,0,0.1,4.292609692,0,0.099835848,3.308717966,0,0
0.14,2.195683241,0,0,1.236297011,0.237906145,5.103244866,0.14,3.223194122,0,0,1.249284863,0,0,0.14,3.916451693,0,0,1.257616758,0,0,0.14,3.916206598,0,0,1.266928792,0,0,0.14,3.914736271,0.001870427,-0.009328518,1.279426575,0.060922735,3.081081746,0.14,3.914491415,0,0,1.291924238,-0.000510613,0.030294015,0.14,4.265898705,0,0,1.580597758,0.836246875,-0.022318231,0.14,4.270309448,0,0,3.837544441,0,0,0.14,4.282562256,0,0,3.311903715,0,0,0.14,4.292609692,0,0.478498822,3.308717966,0,0
0.18,2.195683241,0,0,1.249774933,0.540820095,5.468442961,0.18,3.223194122,0,0,1.249284863,0,0,0.18,3.916451693,0,0,1.257616758,0,0,0.18,3.916206598,0,0,1.266928792,0,0,0.18,3.914736271,0,-0.031646111,1.27918148,0.241649648,5.143247269,0.18,3.914491415,0,0,1.291924238,0.000510613,0.032516127,0.18,4.265898705,0,0,1.614170194,0.835566305,-0.030761625,0.18,4.270309448,0,0,3.837544441,0,0,0.18,4.282562256,0,0,3.311903715,0,0,0.18,4.292609692,0.014975336,1.571167398,3.308717966,0,0
0.22,2.195683241,0,0,1.283102274,0.76409181,3.65310014,0.22,3.223194122,0,0,1.249284863,0,0,0.22,3.916451693,0,0,1.257616758,0,0,0.22,3.916206598,0,0,1.266928792,0,0,0.22,3.914736271,-0.002040466,-0.020310191,1.293394566,0.54354262,5.403743206,0.22,3.914491415,0,0,1.291924238,0.002382861,0.025081506,0.22,4.265898705,0,0,1.647497535,0.83369414,-0.038128484,0.22,4.270309448,0,0,3.837544441,0,0,0.22,4.282562256,0,0,3.311903715,0,0,0.22,4.292609692,0.082364678,3.602170604,3.308717966,0,0
0.26,2.195683241,0,0,1.317164779,0.834885322,1.590325164,0.26,3.223194122,0,0,1.249284863,0,0,0.26,3.916451693,0,0,1.257616758,0,0,0.26,3.916206598,0,0,1.266928792,0,0,0.26,3.914491415,-0.002210504,0.006848785,1.326476812,0.759667324,3.544991709,0.26,3.914491415,0,0,1.292169333,0.002893474,0.007091849,0.26,4.265898705,0,0,1.680824876,0.832502709,-0.044559646,0.26,4.270309448,0,0,3.837544441,0,0,0.26,4.282562256,0,0,3.311903715,0,0,0.26,4.292609692,0.307166245,5.339400636,3.308717966,0,0
0.3,2.195683241,0,0,1.351227283,0.849520581,0.44399723,0.3,3.223194122,0,0,1.249284863,0,0,0.3,3.916451693,0,0,1.257616758,0,0.003899827,0.3,3.916206598,0,0,1.266928792,0,0,0.3,3.914491415,-0.000680155,0.017003881,1.360294342,0.826036019,1.507597447,0.3,3.914491415,0,0,1.292169333,0.002893474,-0.010992366,0.3,4.265898705,0,0,1.714152217,0.830119848,-0.048222503,0.3,4.270309448,0,0,3.837544441,0,0,0.3,4.282562256,0,0,3.311903715,0,0,0.3,4.314174175,0.599700212,4.87037325,3.308717966,0,0
0.34,2.195683241,0,0,1.385289788,0.846117238,0.026943852,0.34,3.223194122,0,0,1.249284863,0,0,0.34,3.916451693,0,0,1.257616758,0,0.042543793,0.34,3.916206598,0,0,1.266928792,0,0,0.34,3.914491415,-0.000170039,0.010273178,1.393866658,0.837267356,0.424498612,0.34,3.914491415,0,0,1.292414427,0.002212657,-0.031558728,0.34,4.265898705,0,0,1.747234464,0.827907274,-0.034980993,0.34,4.270309448,0,0,3.837544441,0,0,0.34,4.282562256,0,0,3.311903715,0,0,0.34,4.346521378,0.758306848,2.812528638,3.308717966,0,0
0.38,2.195683241,0,0,1.418862224,0.843224012,-0.048220721,0.38,3.223194122,0,0,1.249284863,0,0,0.38,3.916451693,0,0,1.257616758,0,0.255381355,0.38,3.916206598,0,0,1.266928792,0,0,0.38,3.914491415,0,0.004014805,1.427193999,0.836417079,0.05602118,0.38,3.914491415,0,0,1.292414427,0,-0.039714354,0.38,4.265898705,0,0,1.78031671,0.827226705,-0.020437471,0.38,4.270309448,0,0,3.837544441,0,0,0.38,4.282562256,0,0,3.311903715,0,0,0.38,4.379113674,0.802722573,1.079177737,3.308717966,0,0
0.42,2.195683241,0,0,1.452679634,0.841692256,-0.056612627,0.42,3.223194122,0,0,1.249284863,0,0,0.42,3.916451693,0,0,1.257616758,0.005615751,0.990210733,0.42,3.916206598,0,0,1.266928792,0,0,0.42,3.914491415,0,0.000826578,1.460766435,0.835566305,-0.02328134,0.42,3.914491415,0,0,1.292414427,-0.002042452,-0.021984732,0.42,4.265898705,0,0.006145119,1.813398957,0.826887124,-0.023628229,0.42,4.270309448,0,0,3.837544441,0,0,0.42,4.282562256,0,0,3.311903715,0,0,0.42,4.411460876,0.806973709,0.257487696,3.308717966,0,0
0.46,2.195683241,0,0,1.486252069,0.839139273,-0.061929559,0.46,3.223194122,0,0,1.249284863,0,0,0.46,3.916451693,0,0,1.257616758,0.044415808,2.606294095,0.46,3.916206598,0,0,1.266928792,0,0,0.46,3.914491415,0,0.000118083,1.494093776,0.83369414,-0.034748105,0.46,3.914491415,0,0,1.292169333,-0.002212657,0.006619059,0.46,4.265898705,0,0.050342929,1.846481323,0.826206555,-0.065234202,0.46,4.270309448,0,0,3.837544441,0,0,0.46,4.282562256,0,0,3.311903715,0,0,0.46,4.443562508,0.805782278,0.01821598,3.308717966,0,0
0.5,2.195683241,0,0,1.519824386,0.836416251,-0.061215143,0.5,3.223194122,0,0,1.249284863,0,0,0.5,3.916451693,0,0,1.257616758,0.183959968,4.750284205,0.5,3.916206598,0,0,1.266928792,0,0,0.5,3.914491415,0,0,1.527421117,0.832672914,-0.034395007,0.5,3.914491415,0,0,1.292169333,-0.000680817,0.017020437,0.5,4.265898705,0,0.268141797,1.87956357,0.823993981,-0.220169716,0.5,4.270309448,0,0,3.837544441,0,0,0.5,4.282562256,0,0,3.311903715,0,0,0.5,4.47590971,0.804934237,-0.02986993,3.308717966,0,0
0.54,2.195683241,0,0,1.553151727,0.833864013,-0.052939824,0.54,3.223194122,0,0,1.249284863,0,0,0.54,3.916451693,0,0,1.26570344,0.474281278,5.558981031,0.54,3.916206598,0,0,1.266928792,0,0,0.54,3.914491415,0,0,1.560748458,0.830800666,-0.031203618,0.54,3.914491415,0,0,1.292169333,-0.000170204,0.010283181,0.54,4.265898705,0.008848972,0.852999726,1.912400842,0.817016429,-0.658725952,0.54,4.270309448,0,0,3.837544441,0,0,0.54,4.282562256,0,0,3.311903715,0,0,0.54,4.508011818,0.803062982,-0.038984933,3.308717966,0,0
0.58,2.195683241,0,0,1.586479068,0.832502709,-0.050341549,0.58,3.223194122,0,0,1.249284863,0,0,0.58,3.916451693,0,0,1.297315478,0.725121713,4.019587715,0.58,3.916206598,0,0,1.266928792,0,-0.000118197,0.58,3.914491415,0,0,1.593830705,0.830119848,-0.028246841,0.58,3.914491415,0,0,1.292169333,0,0.004018714,0.58,4.265898705,0.045946903,1.903481919,1.945237994,0.790639139,-1.553445939,0.58,4.270309448,0,0,3.837544441,0,0,0.58,4.282562256,0,0,3.311903715,0,0,0.58,4.540113926,0.801871883,-0.044789027,3.308717966,0,0
0.62,2.195683241,0,0,1.619806409,0.830120179,-0.054123294,0.62,3.223194122,0,0,1.249284863,0,0,0.62,3.916451693,0,0,1.330642819,0.813102143,1.876898466,0.62,3.916206598,0,0,1.266928792,0,-0.000709185,0.62,3.914491415,0,0.000118083,1.627158046,0.829268909,-0.041598443,0.62,3.914491415,0,0,1.292169333,0,0.000827382,0.62,4.265898705,0.168642733,2.685955231,1.978075266,0.701637401,-2.557604493,0.62,4.270309448,0,0,3.837544441,0,0,0.62,4.282562256,0,0,3.311903715,0,0,0.62,4.572216034,0.799489021,-0.048932148,3.308717966,0,0
0.66,2.195683241,0,0,1.652888656,0.827738063,-0.050462276,0.66,3.223194122,0,0,1.249284863,0,0,0.66,3.916451693,0,0,1.364215136,0.834033721,0.589118845,0.66,3.916206598,0,0,1.266928792,0,0.004726577,0.66,3.914491415,0,0.000826578,1.660240293,0.826886379,-0.056011464,0.66,3.914491415,0,0,1.292169333,0,0.007208897,0.66,4.278641224,0.308869282,2.306627087,2.00405097,0.552222795,-2.700490532,0.66,4.270309448,0,0,3.837544441,0,0,0.66,4.282562256,0,0,3.311903715,0,0,0.66,4.604073048,0.797276364,-0.038177557,3.308717966,0,0
0.7,2.195683241,0,0,1.685971022,0.826376511,-0.053659357,0.7,3.223194122,0,0,1.249284863,0,0,0.7,3.916451693,0,0,1.397542477,0.833013074,0.078356537,0.7,3.916206598,0,0,1.266928792,-0.000170204,0.06523311,0.7,3.914491415,0,0.003896723,1.693322539,0.824164102,-0.055418695,0.7,3.914491415,0,0,1.292169333,0,0.065470712,0.7,4.293834686,0.376262267,1.298902487,2.020469666,0.44296922,-1.79147756,0.7,4.270309448,0,0,3.837544441,0,0,0.7,4.282562256,0,0,3.311903715,0,0,0.7,4.635930061,0.796425343,-0.026949026,3.308717966,0,0
0.74,2.195683241,0,0,1.719053268,0.823823031,-0.064410154,0.74,3.223194122,0,0,1.249284863,0,0.000827267,0.74,3.916451693,0,0,1.430869818,0.830290301,-0.036512042,0.74,3.916206598,0,0,1.266928792,-0.000510613,0.391522089,0.74,3.914491415,0.000170039,0.009564683,1.726159811,0.821782069,-0.038172268,0.74,3.914491415,0,0,1.292169333,0,0.368124909,0.74,4.31025362,0.399234229,0.518774959,2.036398172,0.408932236,-0.78341481,0.74,4.270309448,0,0.000118197,3.837544441,0,0,0.74,4.282562256,0,0.00330907,3.311903715,0,0,0.74,4.667787075,0.795744525,-0.028603791,3.308717966,0,0
0.78,2.195683241,0,0.006499712,1.751890421,0.820930385,-0.072319842,0.78,3.223194122,0,0,1.249284863,0,0.018554073,0.78,3.916451693,0,0,1.463952065,0.827908268,-0.037341379,0.78,3.916206598,0,0,1.266928792,0.00986995,1.385637593,0.78,3.914491415,0.000680155,0.013815653,1.758997083,0.821100755,-0.020450981,0.78,3.914491415,0,0,1.292169333,0.010210607,1.29180443,0.78,4.326181889,0.401954187,0.140978552,2.052571535,0.401444402,-0.243674745,0.78,4.270309448,0,0.000827382,3.837544441,0,0,0.78,4.282562256,0,0.037817445,3.311903715,0,0,0.78,4.699644089,0.794042481,-0.031085938,3.308717966,0,0
0.82,2.195683241,0,0.052234204,1.784727693,0.818037904,-0.099738439,0.82,3.223194122,0,0,1.249284863,0,0.133896247,0.82,3.916451693,0,0,1.497034431,0.827227533,-0.021156717,0.82,3.916206598,0,0,1.266683698,0.068921347,3.33085018,0.82,3.914491415,0.002040466,0.007090354,1.791834235,0.820760181,-0.021394089,0.82,3.914491415,0,0,1.292169333,0.063646005,3.143299233,0.82,4.342355251,0.403147605,0.016086585,2.068500042,0.401105483,-0.057183264,0.82,4.270309448,0,0.004136912,3.837544441,0,0,0.82,4.282562256,0,0.231158402,3.311903715,0,0,0.82,4.731256008,0.793191459,-0.033095065,3.308717966,0,0
0.86,2.195683241,0,0.2761798,1.81731987,0.815485169,-0.24888354,0.86,3.223194122,0,0,1.249284863,0.001191265,0.638044152,0.86,3.916451693,0,0,1.530116677,0.826886627,-0.020446095,0.86,3.916206598,0,0,1.266928792,0.266666379,5.302886525,0.86,3.914736271,0.001530349,0.026021958,1.824671507,0.820249567,-0.064525822,0.86,3.914491415,0,0,1.292169333,0.247266392,5.136251243,0.86,4.358529091,0.401616428,-0.025163876,2.084673643,0.400595367,-0.027765485,0.86,4.270309448,0.000170204,0.011228761,3.837544441,0,0,0.86,4.282562256,0.00476506,0.918011101,3.311903715,0,0,0.86,4.763113022,0.792000029,-0.044913434,3.308717966,0,0
0.9,2.195683241,0.009359585,0.864821889,1.849912047,0.808337662,-0.713915898,0.9,3.223194122,0,0,1.249284863,0.02314407,1.937056961,0.9,3.916451693,0,0,1.563198924,0.826206389,-0.034153381,0.9,3.916206598,0,0,1.283347368,0.569920739,5.345901785,0.9,3.914736271,-0.001530349,0.260485865,1.857508659,0.818377568,-0.24001505,0.9,3.914491415,0,0,1.306872606,0.545585155,5.32982733,0.9,4.374457359,0.400595533,-0.036635011,2.10060215,0.398893489,-0.022926402,0.9,4.270309448,0.000680817,0.021866534,3.837544441,0,0,0.9,4.282562256,0.040161941,2.46413581,3.311903715,0,0,0.9,4.794724941,0.788766146,-0.039115548,3.308717966,0,0.005790757
0.94,2.195683241,0.047138499,1.908094841,1.882504225,0.778216206,-1.633930089,0.94,3.223194122,0,0,1.249284863,0.112657001,4.133038039,0.94,3.916451693,0,0,1.59628129,0.823993898,-0.044201949,0.94,3.916206598,0,0,1.316919804,0.773792134,3.402104693,0.94,3.914491415,0.007659528,0.909374981,1.890100837,0.811230805,-0.734472026,0.94,3.914491415,0,0,1.339709759,0.756093363,3.477036838,0.94,4.390631199,0.398382876,-0.03616705,2.116530657,0.398382876,-0.015364868,0.94,4.270309448,0.002382861,0.021630139,3.837544441,0,0,0.94,4.282562256,0.169496735,4.602322056,3.311903715,0,0,0.94,4.826091766,0.788085659,-0.027045838,3.308717966,0,0.047271404
0.98,2.195683241,0.172047151,2.634422854,1.914851308,0.680875447,-2.544961099,0.98,3.223194122,0,0,1.251000285,0.37251595,5.686604245,0.98,3.916451693,0,0,1.629118443,0.821781324,-0.034155508,0.98,3.916206598,0,0,1.350982308,0.834884908,1.426283845,0.98,3.914491415,0.048840874,2.016806745,1.922938108,0.77991825,-1.688527208,0.98,3.914491415,0,0,1.373282194,0.821101169,1.486090736,0.98,4.406314373,0.396680832,-0.012055913,2.132459164,0.398042467,-0.015365558,0.98,4.270554543,0.002893474,0.021746497,3.837544441,0,0,0.98,4.289423943,0.451988313,5.543722921,3.311903715,0,0,0.98,4.857703686,0.78876747,-0.096286796,3.308717966,0,0.251838248
1.02,2.209161043,0.304955575,2.223050544,1.938866615,0.539799531,-2.574861268,1.02,3.223194122,0,0,1.277466059,0.668622553,4.790109456,1.02,3.916451693,0,0,1.661955714,0.821100589,-0.020324563,1.02,3.916206598,0,0,1.384799719,0.84594604,0.402630698,1.02,3.914491415,0.180215968,2.766179128,1.955285192,0.679173734,-2.617286921,1.02,3.914491415,0,0,1.406609535,0.833353731,0.424847973,1.02,4.422243118,0.397702058,0.005555282,2.148387671,0.397531854,-0.022811999,1.02,4.270554543,0.002893474,0.104234542,3.837544441,0,0,1.02,4.31981039,0.709805555,4.13019992,3.311903715,0,0,1.02,4.889315605,0.786217385,-0.386552908,3.308717966,0.00833869,0.800539705
1.06,2.223129272,0.368601746,1.276674232,1.95626545,0.439395424,-1.70708381,1.06,3.223194122,0,0,1.311528563,0.804933988,2.566121323,1.06,3.916451693,0,0,1.694792867,0.820760429,-0.020439311,1.06,3.916206598,0,0,1.418617129,0.845435593,0.053185245,1.06,3.928459406,0.322142575,2.262639227,1.979300499,0.532481819,-2.592465219,1.06,3.914491415,0,0,1.439936876,0.832672914,0.050457275,1.06,4.438171387,0.398042467,0.00141837,2.164316177,0.39582981,-0.022220322,1.06,4.270799637,0.003063679,0.532868054,3.837544441,0,0,1.06,4.35313797,0.805784927,1.978296097,3.311903715,0,0,1.06,4.920682907,0.771581464,-1.062811755,3.308717966,0.043054753,1.791108653
1.1,2.239792824,0.395488739,0.522227176,1.971458793,0.403317975,-0.756108949,1.1,3.223194122,0,0,1.345345974,0.840841648,0.931480037,1.1,3.916451693,0,0,1.727630138,0.820080356,-0.034980418,1.1,3.916206598,0,0,1.45243454,0.844585399,-0.028122032,1.1,3.943897724,0.38170533,1.185219275,1.995719075,0.43497127,-1.641721522,1.1,3.914491415,0,0,1.473264217,0.830630461,-0.026831863,1.1,4.454100132,0.398042467,-0.011346958,2.17999959,0.395319197,-0.012052234,1.1,4.270799637,0.019741058,1.713114756,3.837544441,0,0,1.1,4.386465073,0.828077727,0.639105975,3.311903715,0,0,1.1,4.952049732,0.721715556,-2.140711165,3.308717966,0.15843461,2.539055077
1.14,2.255476236,0.396510296,0.130591431,1.987632394,0.398552335,-0.248885495,1.14,3.223194122,0,0,1.379163504,0.844585399,0.190141634,1.14,3.916451693,0,0.003781745,1.76046741,0.8178677,-0.049643977,1.14,3.916206598,0,0,1.486252069,0.84237299,-0.045500224,1.14,3.96031642,0.399914881,0.420125477,2.011402607,0.405190885,-0.691695231,1.14,3.914491415,0,0,1.506346464,0.829609235,-0.03533869,1.14,4.4700284,0.397361649,-0.028485363,2.195928097,0.395149158,-0.008263706,1.14,4.270799637,0.097172128,3.804268062,3.837544441,0,0,1.14,4.419547558,0.827737318,0.108257856,3.311903715,0,0,1.14,4.982191086,0.58591432,-2.780598071,3.320725679,0.28998057,2.220446405
1.18,2.271404743,0.397361484,0.011111598,2.003560781,0.395318866,-0.089921092,1.18,3.223194122,0,0,1.412980914,0.841691511,-0.03143961,1.18,3.916451693,0,0.033917388,1.793059587,0.815484259,-0.061812627,1.18,3.916206598,0,0,1.519824386,0.840160416,-0.037582775,1.18,3.976244926,0.399233732,0.078698597,2.027576208,0.400085168,-0.210008469,1.18,3.914491415,0,0,1.539673805,0.82773707,-0.033797409,1.18,4.485957146,0.395319197,-0.033448508,2.211611509,0.39497945,-0.012038782,1.18,4.271780014,0.335248642,5.438297205,3.837544441,0,0,1.18,4.452629566,0.82654655,-0.019483958,3.311903715,0,0,1.18,4.999099731,0.44671264,-2.160375179,3.33469367,0.35839147,1.292635261
1.22,2.28733325,0.395659606,-0.023987995,2.019244194,0.393108361,-0.040522995,1.22,3.223194122,0,0,1.44655323,0.837777638,-0.061682931,1.22,3.916451693,0,0.18849532,1.825651646,0.814293077,-0.145823729,1.22,3.916206598,0,0,1.553396821,0.839309477,-0.027534149,1.22,3.992173433,0.398552583,0.001524035,2.043504715,0.398723367,-0.051649655,1.22,3.914491415,0,0,1.572510958,0.826886379,-0.031189993,1.22,4.50164032,0.393617153,-0.015359234,2.227540016,0.394470327,-0.022210549,1.22,4.295305252,0.625737177,4.79257838,3.837544441,0,0,1.22,4.485712051,0.824506415,-0.040180935,3.311903715,0,0,1.22,5.0140481,0.395661924,-1.043609723,3.350867271,0.383748611,0.511826947
1.26,2.303016663,0.394978954,-0.030484257,2.034927845,0.392257588,-0.018561891,1.26,3.223194122,0,0,1.479880571,0.836246792,-0.054118292,1.26,3.916451693,0.005445712,0.648327678,1.858243823,0.810380197,-0.469985154,1.26,3.916206598,0,0,1.586969137,0.838628908,-0.031784372,1.26,4.00810194,0.398211016,-0.005555397,2.059433222,0.398382876,-0.016784962,1.26,3.914491415,0,0,1.605838299,0.825866146,-0.041116799,1.26,4.517323971,0.394468506,-0.004595904,2.243223667,0.392768284,-0.022821772,1.26,4.328142166,0.773450732,2.701561898,3.837544441,0,0,1.26,4.518549442,0.823312998,-0.0422034,3.311903715,0,0,1.26,5.029486656,0.384941035,-0.351949101,3.366060734,0.384088192,0.116629411
1.3,2.318945169,0.39378802,-0.044424662,2.050611258,0.392085976,-0.010412934,1.3,3.223194122,0,0,1.513453007,0.834715366,-0.068424155,1.3,3.916451693,0.032503903,1.553572875,1.890591025,0.793022331,-1.222909267,1.3,3.916206598,0,0,1.620541573,0.836757488,-0.037576106,1.3,4.024030209,0.398212175,-0.002353257,2.075361729,0.398042467,-0.017966362,1.3,3.914491415,0,0,1.63867557,0.822803295,-0.034271751,1.3,4.533252239,0.394298964,-0.015817537,2.25890708,0.39225618,-0.015379125,1.3,4.360979557,0.81599719,1.032050055,3.837544441,0,0,1.3,4.551631451,0.821100341,-0.041951598,3.311903715,0,0,1.3,5.044925213,0.383236342,-0.086051446,3.381499052,0.38357642,0.014061936
1.34,2.334628582,0.390555627,-0.038402914,2.06629467,0.391915441,-0.016428933,1.34,3.223194122,0,0,1.546780348,0.830630793,-0.079062618,1.34,3.916451693,0.124910143,2.480557326,1.923183203,0.730566846,-2.3118057,1.34,3.916206598,0,0,1.653868914,0.835566305,-0.041363657,1.34,4.039958954,0.398212506,-0.005074213,2.091290236,0.397361649,-0.029904021,1.34,3.914491415,0,0,1.671512842,0.822973003,-0.024115103,1.34,4.54893589,0.392769443,-0.019620552,2.274590492,0.391915441,-0.015365673,1.34,4.394062042,0.820759932,0.238233924,3.837544441,0,0,1.34,4.584223747,0.81923008,-0.027421816,3.311903715,0,0,1.34,5.060118198,0.382895933,-0.023268807,3.396692276,0.383407374,0.000364711
1.38,2.350067139,0.389874809,-0.015963214,2.081978083,0.391234954,-0.033317375,1.38,3.223194122,0,0,1.579862595,0.827397654,-0.067600854,1.38,3.924293518,0.266326302,2.516123731,1.952589631,0.587278025,-2.821263984,1.38,3.916206598,0,0,1.687441349,0.833353731,-0.041839897,1.38,4.055887222,0.398042467,-0.014528632,2.107218742,0.395319197,-0.033686282,1.38,3.914491415,0,0,1.704595089,0.821440998,-0.026595468,1.38,4.564619541,0.392256512,-0.014676034,2.290273905,0.391405159,-0.022798547,1.38,4.426653862,0.818547275,0.001655915,3.837544441,0,0,1.38,4.617061138,0.819568502,-0.026839107,3.311903715,0,0,1.38,5.075556755,0.382387969,-0.018778682,3.412130833,0.384428932,-0.013113022
1.42,2.365750551,0.390554302,-0.019509713,2.097661495,0.389023787,-0.044074093,1.42,3.223194122,0,0,1.612944961,0.824844672,-0.046567508,1.42,3.939731836,0.362986161,1.627071358,1.969743371,0.45386023,-2.098245673,1.42,3.916206598,0,0,1.720523596,0.831481483,-0.027421356,1.42,4.071815968,0.397361981,-0.029180291,2.122902155,0.393617153,-0.015365558,1.42,3.914491415,0,0,1.737187266,0.820760181,-0.028008894,1.42,4.580302715,0.391915441,-0.015373031,2.305957317,0.389704605,-0.022210664,1.42,4.459491253,0.817187627,-0.046568888,3.837544441,0,0,1.42,4.649898052,0.817696253,-0.038642068,3.311903715,0,0,1.42,5.090750217,0.381026334,-0.015143995,3.427569151,0.382727053,-0.033092076
1.46,2.381433964,0.388852259,-0.034387419,2.113100052,0.386811296,-0.03404122,1.46,3.223194122,0,0,1.645782113,0.823993236,-0.033206076,1.46,3.955905437,0.394979616,0.682825706,1.985181808,0.406551527,-0.980402929,1.46,3.916206598,0,0,1.753850937,0.831821892,-0.026830369,1.46,4.087744236,0.39532019,-0.033665241,2.138585567,0.394468175,-0.004608897,1.46,3.914491415,0,0,1.770269513,0.819739203,-0.041122376,1.46,4.595986366,0.391404827,-0.023631908,2.321395874,0.389193992,-0.012062812,1.46,4.492083549,0.814632575,-0.056144264,3.837544441,0,0,1.46,4.682490349,0.815655788,-0.034984845,3.311903715,0,0,1.46,5.10594368,0.381534298,-0.018453524,3.442762613,0.380684601,-0.029194088
1.5,2.396872282,0.386811131,-0.029420595,2.12853837,0.386129485,-0.01950178,1.5,3.223194122,0,0,1.67886436,0.823143042,-0.042653309,1.5,3.972079039,0.398552583,0.171466949,2.001110315,0.397532019,-0.311992258,1.5,3.916206598,0,0.008390642,1.787178278,0.829949644,-0.044321124,1.5,4.103427887,0.393620465,-0.016193055,2.154514074,0.394297971,-0.015834553,1.5,3.914491415,0,0.006263432,1.802861691,0.816676352,-0.040885119,1.5,4.61166954,0.389703446,-0.026100718,2.337079287,0.389022463,-0.008280952,1.5,4.524675369,0.81207984,-0.046541293,3.837544441,0,0,1.5,4.715082645,0.814802779,-0.030141048,3.311903715,0,0,1.5,5.12138176,0.379832255,-0.025752334,3.457955837,0.380003783,-0.015483755
1.54,2.412310839,0.386130479,-0.015484215,2.143976688,0.38579007,-0.016306883,1.54,3.223194122,0,0,1.711701632,0.820761174,-0.057076736,1.54,3.987762451,0.396679507,0.015018784,2.017038822,0.397191528,-0.071619856,1.54,3.916206598,0,0.06653426,1.820260525,0.827907274,-0.082843155,1.54,4.119111538,0.394469168,-0.008649342,2.170197487,0.392766297,-0.019610664,1.54,3.914491415,0,0.051171001,1.835453868,0.8166766,-0.063224845,1.54,4.627108097,0.389024946,-0.021742128,2.352517605,0.388852259,-0.012166292,1.54,4.557022572,0.810210572,-0.023722971,3.837544441,0,0,1.54,4.747674465,0.813952088,-0.038859837,3.311903715,0,0,1.54,5.136330128,0.378303064,-0.008850094,3.4731493,0.379833579,-0.009692194
1.58,2.427749157,0.385959281,-0.009806482,2.159415245,0.385279457,-0.023761143,1.58,3.223194122,0,0.00141814,1.744538903,0.818038152,-0.060631284,1.58,4.00369072,0.397021737,-0.009779692,2.032967329,0.396000014,-0.018320552,1.58,3.916206598,0,0.347679964,1.853342772,0.827056501,-0.287994317,1.58,4.135039806,0.394128097,-0.026135211,2.185880899,0.39225618,-0.014639011,1.58,3.914491415,0,0.272045303,1.86829114,0.814804435,-0.217805824,1.58,4.642791748,0.388342142,-0.02293721,2.368201017,0.38834297,-0.022919849,1.58,4.589369774,0.810892383,-0.016771395,3.837544441,0,0,1.58,4.780266762,0.811742412,-0.049259836,3.311903715,0,0.004727094,1.58,5.15152359,0.37932429,0.002349462,3.488342524,0.379663375,-0.015365673
1.62,2.443187475,0.385790235,-0.016299985,2.174853563,0.38357642,-0.026354819,1.62,3.223194122,0,0.01808134,1.777131081,0.815485004,-0.062171531,1.62,4.019619465,0.395832956,-0.00992169,2.048650742,0.39582981,-0.003545407,1.62,3.916206598,0.012082524,1.065966754,1.886425018,0.818037821,-0.878767294,1.62,4.150723457,0.392085314,-0.036764476,2.201564312,0.391917262,-0.015354405,1.62,3.914491415,0.009019342,0.862697438,1.900638223,0.807997088,-0.664636113,1.62,4.658229828,0.386810303,-0.016539139,2.383639574,0.386641092,-0.026004481,1.62,4.62196207,0.810211566,-0.038662994,3.837544441,0,0,1.62,4.812613964,0.809360213,-0.052832895,3.311903715,0,0.040062163,1.62,5.166717052,0.379491846,-0.008878149,3.503535986,0.378982557,-0.028485593
1.66,2.458626032,0.385109749,-0.033442874,2.190046787,0.382896761,-0.023273751,1.66,3.223194122,0,0.112860659,1.809723258,0.814122872,-0.118181845,1.66,4.035303116,0.395830803,-0.001554274,2.064579248,0.396680832,-0.015125426,1.66,3.916206598,0.059561763,2.280956847,1.919507384,0.779577841,-1.956555808,1.66,4.166406631,0.390042861,-0.022216068,2.217247963,0.391406649,-0.02364605,1.66,3.914491415,0.046628217,1.918024464,1.9332304,0.781790002,-1.580277975,1.66,4.673668385,0.386642085,-0.004727899,2.399077892,0.385959281,-0.021747647,1.66,4.654309273,0.806976689,-0.045066354,3.837544441,0,0,1.66,4.844961166,0.80816812,-0.099657954,3.311903715,0,0.217446689,1.66,5.181910038,0.378981233,-0.029173852,3.51872921,0.376940105,-0.029549256
1.7,2.47406435,0.382897258,-0.044793626,2.205485344,0.382216275,-0.030251542,1.7,3.223194122,0.002042121,0.462669787,1.842315316,0.811230226,-0.380646886,1.7,4.051231384,0.396681163,-0.014669595,2.080507755,0.394978954,-0.033557967,1.7,3.916206598,0.213231146,2.955165289,1.952344537,0.65705056,-2.825633841,1.7,4.181845188,0.389872988,0.00178676,2.232931376,0.38970328,-0.026128887,1.7,3.914491415,0.17068651,2.689370426,1.965822577,0.68887348,-2.567298239,1.7,4.689106941,0.38749112,-0.015255754,2.414516211,0.385279457,-0.022925942,1.7,4.686411381,0.805782278,-0.033825176,3.837544441,0,0,1.7,4.877308369,0.805952483,-0.336241253,3.311903715,0.006807016,0.716038508,1.7,5.1971035,0.376771556,-0.039332627,3.533677578,0.375408265,-0.005081687
1.74,2.489257813,0.380684601,-0.037349715,2.220678568,0.380344192,-0.034155738,1.74,3.223194122,0.019910766,1.250212023,1.874662519,0.797446403,-1.033935868,1.74,4.06716013,0.394978788,-0.033456211,2.096191168,0.392936998,-0.029295614,1.74,3.933605433,0.359242823,2.137020023,1.973419189,0.504402816,-2.500284866,1.74,4.197528362,0.391235285,0.001677071,2.248369694,0.389022463,-0.021740978,1.74,3.927479267,0.310570829,2.28343474,1.990818024,0.540139609,-2.642101551,1.74,4.704790115,0.385789076,-0.032850622,2.429954767,0.383747617,-0.016551097,1.74,4.718758106,0.804931257,-0.034256344,3.837544441,0,0,1.74,4.90941,0.794890854,-0.963485397,3.311903715,0.037268466,1.657089264,1.74,5.212051868,0.374729766,-0.023521299,3.548625708,0.3767699,0.012414645
1.78,2.504451036,0.379833579,-0.026712401,2.23587203,0.379322966,-0.034157693,1.78,3.223194122,0.084407959,2.347616663,1.907009602,0.750647568,-2.130863004,1.78,4.082843304,0.392936336,-0.029314125,2.11187458,0.392257671,-0.015473292,1.78,3.949779034,0.396511787,0.919901455,1.989347696,0.427313315,-1.400638498,1.78,4.213212013,0.391067399,-0.022805675,2.264053106,0.38834297,-0.022922953,1.78,3.942672491,0.375238227,1.272784523,2.006991625,0.437183264,-1.71499712,1.78,4.719983578,0.383748611,-0.026003446,2.445147991,0.38357642,-0.00472468,1.78,4.750860214,0.803061989,-0.034951731,3.837544441,0,0,1.78,4.941757202,0.751668877,-2.057674904,3.311903715,0.14005469,2.497574314,1.78,5.227000237,0.374558899,-0.001563472,3.56381917,0.378131701,-0.008972891
1.82,2.519644499,0.379152762,-0.027775718,2.251065254,0.377450718,-0.030255221,1.82,3.226134777,0.233823723,2.748823874,1.938621521,0.614507165,-2.83709388,1.82,4.098526955,0.392255518,-0.01548272,2.127558231,0.392087466,-0.009701852,1.82,3.965952635,0.405020681,0.261170215,2.005521297,0.406892515,-0.543143474,1.82,4.228895664,0.38902296,-0.039248463,2.279491663,0.386811131,-0.016554891,1.82,3.958846092,0.398553246,0.496940158,2.022920132,0.405189974,-0.74014953,1.82,4.735422134,0.383236011,-0.008282102,2.460586309,0.3844286,-0.01535452,1.82,4.782962322,0.802041756,-0.037093313,3.837544441,0,0.007563374,1.82,4.973369122,0.620124406,-2.81367313,3.321705818,0.275515185,2.384011024,1.82,5.241948605,0.37574735,-0.004747216,3.579012394,0.376430154,-0.039933272
1.86,2.534837723,0.377450718,-0.027064004,2.266013622,0.376770066,-0.023396088,1.86,3.243043661,0.357541607,1.876064358,1.956510544,0.470708393,-2.273747778,1.86,4.114210129,0.392085314,-0.009685755,2.143241644,0.391915772,-0.015497323,1.86,3.982126236,0.403488841,0.013934195,2.021694899,0.403318803,-0.163564562,1.86,4.244333744,0.386810303,-0.029304467,2.294929981,0.386639602,-0.004734453,1.86,3.975019693,0.400424831,0.10185783,2.038848639,0.398382876,-0.224184636,1.86,4.75061512,0.383406215,0.001781471,2.476024866,0.382726888,-0.033561071,1.86,4.81506443,0.800169839,-0.057549986,3.837544441,0,0.060388795,1.86,4.991993427,0.474624832,-2.319251912,3.336163998,0.360433923,1.501572997,1.86,5.25714159,0.375236736,-0.030355597,3.593960762,0.373878578,-0.04632226
1.9,2.549786091,0.376770066,-0.022568705,2.281206846,0.37608958,-0.027055956,1.9,3.258727074,0.388852921,0.783977915,1.972439051,0.413698786,-1.174226219,1.9,4.12989378,0.391915441,-0.015469843,2.158925056,0.391234623,-0.029312861,1.9,3.998299837,0.401446058,-0.025896172,2.0378685,0.401446389,-0.054140368,1.9,4.259772301,0.386301676,-0.009692194,2.310368299,0.387490624,-0.015354405,1.9,3.9909482,0.39838122,-0.016550522,2.054777145,0.398212671,-0.046799649,1.9,4.766053677,0.384429428,-0.012172961,2.49121809,0.380684601,-0.029191559,1.9,4.846921444,0.799489021,-0.179633498,3.837544441,0,0.316716248,1.9,5.007677078,0.411997239,-1.208987317,3.352582693,0.391405821,0.634610331,1.9,5.272089958,0.372176038,-0.032824407,3.60890913,0.371665921,-0.026128887
1.94,2.564979315,0.37608958,-0.026228688,2.296155214,0.374388695,-0.026945117,1.94,3.274655581,0.395319197,0.216965391,1.988367558,0.396510462,-0.447785815,1.94,4.145576954,0.391235285,-0.02929067,2.174608469,0.389192502,-0.033553828,1.94,4.014228344,0.399913059,-0.005555167,2.053797007,0.399743848,-0.016919199,1.94,4.275210857,0.386469894,-0.001663043,2.326051712,0.38579007,-0.033550608,1.94,4.006876469,0.396169722,-0.022210664,2.070705652,0.398042467,-0.0165469,1.94,4.781492233,0.382725398,-0.032979167,2.506411552,0.380003783,-0.014655798,1.94,4.879023552,0.794723961,-0.591487566,3.837544441,0.010891259,0.97851154,1.94,5.023360252,0.396340423,-0.43940144,3.368266106,0.393957727,0.173245545,1.94,5.286793232,0.371496214,-0.010973739,3.623612404,0.371494393,0.000935232
1.98,2.579927683,0.374388695,-0.023754475,2.311103582,0.373706884,-0.022694262,1.98,3.290338993,0.393446949,0.029659865,2.00405097,0.392936336,-0.127044299,1.98,4.161260605,0.389195151,-0.033561646,2.190046787,0.387491948,-0.015352105,1.98,4.030156612,0.401275853,0.013248581,2.069725513,0.40059338,-0.004501967,1.98,4.290648937,0.387320916,-0.019257911,2.341245174,0.383748114,-0.029302858,1.98,4.02256012,0.395999849,0.001426648,2.086634159,0.397531854,-0.022930312,1.98,4.796685219,0.380683276,-0.030001234,2.521604776,0.379833579,-0.005791447,1.98,4.910880566,0.770047969,-1.434689089,3.837544441,0.054286089,2.111601126,1.98,5.039288998,0.394297971,-0.120903837,3.383949518,0.394808749,0.026950751,1.98,5.3017416,0.372347567,-0.008983009,3.638560534,0.372855862,0.001655915
2.02,2.594876051,0.373877088,-0.016314702,2.326051712,0.373026232,-0.026938448,2.02,3.306022406,0.394468175,-0.001770088,2.019734383,0.392255684,-0.033674095,2.02,4.176699162,0.38749112,-0.015372571,2.205485344,0.388343136,-0.004728244,2.02,4.046330452,0.402637819,-0.004957396,2.085898876,0.400423176,-0.015828,2.02,4.306332588,0.38528045,-0.043614871,2.356683493,0.383067462,-0.015479961,2.02,4.038488388,0.397361649,0.002373608,2.102562666,0.39582981,-0.026121529,2.02,4.811878681,0.380005108,-0.019486488,2.536798239,0.379833579,-0.005909184,2.02,4.942737579,0.68938401,-2.411780994,3.837544441,0.195191801,2.788409223,2.02,5.054972172,0.392766131,-0.036278809,3.399878025,0.394298633,-0.016649748,2.02,5.316689968,0.371155805,-0.016684471,3.653508902,0.372686651,-0.022102814
2.06,2.609824181,0.373536679,-0.019498215,2.34100008,0.371325513,-0.026940977,2.06,3.321950912,0.394127932,-0.026702398,2.035417795,0.391915772,-0.017239241,2.06,4.192137241,0.388342142,-0.004601193,2.221168756,0.388171938,-0.016546843,2.06,4.062503815,0.401106146,-0.029664349,2.101827383,0.398892827,-0.01960342,2.06,4.321526051,0.38204458,-0.029321254,2.371876955,0.382897258,-0.009691389,2.06,4.054417133,0.397191776,-0.01889711,2.118246078,0.395148993,-0.022456717,2.06,4.827072144,0.379664699,-0.020107829,2.551991463,0.379663375,-0.015480651,2.06,4.968713284,0.547626615,-2.626614806,3.853227854,0.334906412,2.102158895,2.06,5.070655823,0.392255849,-0.015942863,3.415561438,0.392768284,-0.023747231,2.06,5.331393242,0.370644199,-0.019418881,3.66845727,0.370643205,-0.035932495
2.1,2.624772549,0.372856855,-0.03404007,2.355703354,0.370644695,-0.022701045,2.1,3.337634325,0.392085976,-0.04146915,2.051101208,0.391406649,-0.023746426,2.1,4.207820892,0.388173925,-0.015838463,2.236607075,0.386641092,-0.02280786,2.1,4.07843256,0.399063693,-0.029312286,2.11775589,0.39838271,-0.014646255,2.1,4.336719036,0.382555193,-0.005428576,2.387315273,0.382727053,-0.015483755,2.1,4.070345402,0.39532019,-0.02952833,2.134174585,0.394468175,-0.026117734,2.1,4.842265606,0.378981233,-0.033344798,2.567184925,0.378982723,-0.033206479,2.1,4.985131741,0.43786433,-1.819332901,3.868666172,0.377281507,0.985850247,2.1,5.086338997,0.391916103,-0.015344747,3.431245089,0.392087466,-0.021285205,2.1,5.34634161,0.369960401,-0.029333902,3.683160305,0.368600918,-0.022089247
2.14,2.639720917,0.370643205,-0.044206088,2.370651722,0.369962553,-0.027073777,2.14,3.353317738,0.389874809,-0.036626847,2.066784859,0.389704605,-0.026364477,2.14,4.223259449,0.386640098,-0.01962906,2.252045631,0.385960274,-0.021043291,2.14,4.094360828,0.398382876,-0.019384272,2.133684397,0.398042467,-0.015360959,2.14,4.352157593,0.382727385,-0.005908264,2.402508736,0.382046236,-0.029312976,2.14,4.086029053,0.393620465,-0.014656258,2.149857998,0.392766297,-0.022801996,2.14,4.857458591,0.376768576,-0.040046641,2.582378149,0.376770397,-0.043958311,2.14,5.000815392,0.398895476,-0.844153541,3.884104729,0.390555627,0.32462881,2.14,5.102022648,0.391407808,-0.023521069,3.446928501,0.391405159,-0.022825567,2.14,5.361044407,0.368088153,-0.033192567,3.697863579,0.368432204,0.001669827
2.18,2.654423952,0.368430714,-0.0341447,2.385354757,0.368260509,-0.02776514,2.18,3.368756294,0.389023953,-0.026594663,2.082223177,0.389022463,-0.023291343,2.18,4.238697529,0.386129485,-0.014648209,2.26748395,0.385278463,-0.022812114,2.18,4.110289574,0.398042467,-0.020093572,2.149612904,0.397531854,-0.023634782,2.18,4.367351055,0.382555193,-0.019385077,2.417947054,0.380003783,-0.033686282,2.18,4.101712704,0.394469168,-0.005338433,2.16554141,0.39225618,-0.011447794,2.18,4.87240696,0.374729104,-0.022896968,2.597326517,0.374558899,-0.033328471,2.18,5.016253948,0.389533242,-0.284834776,3.900033236,0.390384098,0.038042228,2.18,5.117706299,0.389703446,-0.025550202,3.462611914,0.389872988,-0.016547533,2.18,5.375747681,0.367069907,-0.030105635,3.712566853,0.36979417,0.000949489
2.22,2.669127226,0.367751386,-0.0203118,2.400058031,0.367581182,-0.026695154,2.22,3.384439707,0.388342142,-0.027775603,2.09790659,0.388341645,-0.030247403,2.22,4.254136086,0.385791063,-0.015365673,2.282922268,0.383747617,-0.016543393,2.22,4.126217842,0.397361649,-0.03333169,2.16554141,0.395829976,-0.026229608,2.22,4.382789135,0.381534298,-0.040160009,2.432895422,0.37830174,-0.016193055,2.22,4.117640972,0.394298302,-0.019746338,2.181224823,0.392087466,-0.005071914,2.22,4.887355328,0.374559893,0.001667182,2.612274885,0.373877088,-0.016196504,2.22,5.031937122,0.388341149,-0.08072865,3.915471554,0.387490624,-0.018669108,2.22,5.133144379,0.389021966,-0.019273548,3.478050232,0.389703115,-0.004713642,2.22,5.390450954,0.365368856,-0.019836941,3.727515221,0.3696238,-0.02624398
2.26,2.6838305,0.367411474,-0.020437931,2.414761305,0.366730657,-0.037340286,2.26,3.399878025,0.386641092,-0.027062854,2.113344908,0.386470887,-0.034142286,2.26,4.269574642,0.385278463,-0.023647775,2.29811573,0.383577413,-0.004731349,2.26,4.142146587,0.395148993,-0.040068947,2.181224823,0.395149655,-0.022558357,2.26,4.397982597,0.378303395,-0.037558285,2.448088646,0.379152762,-0.008746499,2.26,4.133324623,0.392596258,-0.029305617,2.196908474,0.392087466,-0.005801335,2.26,4.902303696,0.375921528,0.001642347,2.627223015,0.373706884,-0.009096837,2.26,5.047375679,0.386639105,-0.030368245,3.930909872,0.386981335,-0.003183858,2.26,5.14882803,0.388511353,-0.019731391,3.493733644,0.390555627,-0.015352105,2.26,5.404909134,0.365198983,-0.005429266,3.742218494,0.36741015,-0.047157001
2.3,2.698533773,0.366730822,-0.034982546,2.429464579,0.364518166,-0.044911134,2.3,3.415316582,0.385960274,-0.022579168,2.128783464,0.385450158,-0.034152174,2.3,4.285012722,0.38357642,-0.026231333,2.313554049,0.384427441,-0.015362453,2.3,4.157829762,0.39310654,-0.022930082,2.19715333,0.394470327,-0.026938448,2.3,4.412930965,0.37762324,-0.015838233,2.463282108,0.378812353,-0.026948336,2.3,4.149007797,0.391575694,-0.029293429,2.212591887,0.391915772,-0.015379125,2.3,4.917497158,0.37575033,-0.023081623,2.642171383,0.373537673,-0.012291848,2.3,5.062813759,0.386129154,-0.012507777,3.946348429,0.388172766,0.001884491,2.3,5.164266109,0.38715038,-0.015344747,3.509417295,0.388853749,-0.03356843,2.3,5.419612408,0.366050005,-0.01548226,3.75692153,0.364858409,-0.04395854
2.34,2.713237047,0.364518166,-0.04810557,2.443922758,0.362305509,-0.034276465,2.34,3.4307549,0.385278463,-0.026236622,2.144221783,0.38357791,-0.030261545,2.34,4.300206184,0.382897589,-0.022456142,2.328992367,0.382726557,-0.033675015,2.34,4.173513412,0.392936336,0.001537947,2.212836981,0.392768284,-0.026958684,2.34,4.428124428,0.378303395,-0.019529489,2.478475332,0.3767699,-0.040774912,2.34,4.164691448,0.389875968,-0.01973898,2.228275299,0.391234623,-0.032385995,2.34,4.932445526,0.373704897,-0.04068063,2.657119751,0.373026066,-0.022931346,2.34,5.078252316,0.385961268,-0.008148038,3.962031841,0.388171441,-0.016433589,2.34,5.179704666,0.387663311,-0.018550796,3.524855614,0.386810303,-0.029312171,2.34,5.434315681,0.364347961,-0.033567855,3.771379948,0.362987154,-0.019512933
2.38,2.727695227,0.362135304,-0.043851151,2.458380938,0.361624691,-0.020329737,2.38,3.446193218,0.383577579,-0.023746541,2.159415245,0.382896761,-0.023412645,2.38,4.315644741,0.382214785,-0.026241911,2.344185829,0.380684435,-0.030132654,2.38,4.189196587,0.394297971,0.000952019,2.228520393,0.392085976,-0.022589172,2.38,4.44331789,0.376598371,-0.034414784,2.4934237,0.374557409,-0.032615491,2.38,4.180130005,0.389703446,-0.00545663,2.243958712,0.389022297,-0.039936492,2.38,4.947393417,0.37149224,-0.035792911,2.672067881,0.371324188,-0.026229378,2.38,5.093690872,0.385789076,-0.011347648,3.97747016,0.386469563,-0.028589418,2.38,5.195388317,0.385959281,-0.026601332,3.540293932,0.386130479,-0.015361419,2.38,5.448773861,0.362305509,-0.029312976,3.785838127,0.363835692,-0.006281368
2.42,2.742153406,0.360943874,-0.03498634,2.472839117,0.361284282,-0.020329162,2.42,3.461386681,0.383067297,-0.016304239,2.174853563,0.382214785,-0.027184616,2.42,4.330837727,0.380513072,-0.023736768,2.359379053,0.380003783,-0.019496146,2.42,4.205125332,0.394128097,-0.026107616,2.244203806,0.391404827,-0.026121644,2.42,4.458265781,0.374555919,-0.029410247,2.50837183,0.373876923,-0.016181787,2.42,4.195813179,0.390553806,-0.015491229,2.25939703,0.386981335,-0.022916744,2.42,4.962096691,0.370644199,-0.023250181,2.686771154,0.370644695,-0.023276856,2.42,5.109128952,0.385278795,-0.018890441,3.992908478,0.385449992,-0.029176382,2.42,5.210581303,0.384427441,-0.01275659,3.555732489,0.385960274,-0.008987148,2.42,5.46323204,0.361624691,-0.01548387,3.800541162,0.363665157,-0.019849014
2.46,2.756611586,0.35924183,-0.024702469,2.487297297,0.360603465,-0.034273361,2.46,3.476824999,0.382727053,-0.019499365,2.190046787,0.3805139,-0.027762726,2.46,4.346031189,0.380005108,-0.016295156,2.374572515,0.37966354,-0.020085983,2.46,4.220808506,0.391916103,-0.046311107,2.259887218,0.389703115,-0.022916744,2.46,4.473214149,0.373878082,-0.015450756,2.523320198,0.373707877,-0.009924564,2.46,4.21149683,0.388851762,-0.033560496,2.274835587,0.386811296,0.00165442,2.46,4.977045059,0.370134579,-0.020664323,2.701719522,0.369963878,-0.030265684,2.46,5.124567509,0.383749604,-0.015704398,4.008347034,0.383749108,-0.019743809,2.46,5.226019859,0.38528045,-0.007208667,3.571170807,0.385789076,-0.012174341,2.46,5.47769022,0.361454487,-0.009692194,3.814999342,0.361964603,-0.0292886
2.5,2.770824671,0.358901421,-0.016070948,2.501755476,0.358390974,-0.044904925,2.5,3.492018461,0.382046236,-0.034040185,2.20524025,0.379833579,-0.026698719,2.5,4.361224651,0.379664699,-0.019398644,2.389765739,0.378983054,-0.033321112,2.5,4.236492157,0.389365355,-0.040062508,2.275325537,0.389193992,-0.012282075,2.5,4.488162518,0.373708871,-0.009797973,2.538268566,0.373536679,-0.01619271,2.5,4.22693491,0.386809972,-0.029173852,2.290273905,0.388171938,0.00165557,2.5,4.991748333,0.368773275,-0.016303434,2.716422796,0.368090305,-0.034165626,2.5,5.139760971,0.3835794,-0.004625569,4.023540497,0.383576585,-0.005450997,2.5,5.241458416,0.384938055,-0.022814184,3.586609125,0.385279457,-0.022098675,2.5,5.492148399,0.361284282,-0.01548387,3.829457521,0.36094437,-0.029286186
2.54,2.78528285,0.359241996,-0.034148954,2.515968561,0.356178814,-0.037332928,2.54,3.507456779,0.379833579,-0.044205628,2.220433474,0.378983054,-0.037336032,2.54,4.376418114,0.378981233,-0.0332266,2.404959202,0.376771556,-0.040187029,2.54,4.251930714,0.387661325,-0.00981729,2.291009188,0.389023787,-0.00910776,2.54,4.503110886,0.373538666,-0.01632367,2.553216696,0.372856028,-0.032608823,2.54,4.242373466,0.386131472,-0.014650279,2.305957317,0.388002727,-0.022925942,2.54,5.006451607,0.369283888,-0.022574109,2.731125832,0.367069079,-0.034147805,2.54,5.155199528,0.384427773,-0.015386599,4.038978577,0.384427441,-0.015478351,2.54,5.256896496,0.383066138,-0.030474024,3.602047682,0.383577413,-0.022224576,2.54,5.506606579,0.360603465,-0.029312976,3.843915701,0.359243982,-0.019724722
2.58,2.79974103,0.356008609,-0.048443491,2.530181646,0.355329282,-0.026819561,2.58,3.522405148,0.377620922,-0.034158383,2.235626936,0.376771556,-0.044792937,2.58,4.391611099,0.376768576,-0.040164838,2.41990757,0.374727945,-0.023649155,2.58,4.267368793,0.38902296,0.00840053,2.306447506,0.388852259,-0.016081296,2.58,4.518059254,0.372856855,-0.033364804,2.568165064,0.370644861,-0.040763874,2.58,4.257812023,0.385959281,-0.005798575,2.321395874,0.385960274,-0.039954198,2.58,5.021399975,0.36741164,-0.036995582,2.745829105,0.365198321,-0.030241079,2.58,5.170637608,0.382725398,-0.033683983,4.054417133,0.382727385,-0.033567395,2.58,5.272089958,0.381366743,-0.015467773,3.617240906,0.383065806,-0.012880306,2.58,5.521064758,0.358561012,-0.033686053,3.858129025,0.359073778,-0.00556494
2.62,2.813709021,0.353797442,-0.029892695,2.54439497,0.354648464,-0.028610344,2.62,3.537598372,0.376940105,-0.020326748,2.250575304,0.374557906,-0.033453222,2.62,4.406559467,0.374729104,-0.023606153,2.4348557,0.374557409,-0.001657754,2.62,4.283052444,0.390216377,-0.01548387,2.322130919,0.388171441,-0.032611352,2.62,4.533007622,0.370641218,-0.043990159,2.582868338,0.368602739,-0.026948911,2.62,4.273250103,0.385959281,-0.005901136,2.336834192,0.383746624,-0.032619286,2.62,5.035858154,0.365369187,-0.030849543,2.760287285,0.364518,-0.023274786,2.62,5.18583107,0.380684932,-0.030021931,4.069610596,0.380682945,-0.029196963,2.62,5.287283421,0.382217765,-0.008642903,3.632679224,0.382896761,-0.012399468,2.62,5.535277843,0.356858969,-0.016191445,3.872587204,0.35992331,-0.016328384
2.66,2.827922344,0.354137851,-0.020336521,2.558608055,0.352945096,-0.031093066,2.66,3.55254674,0.376599862,-0.020322953,2.265523434,0.373877088,-0.016188801,2.66,4.421507835,0.374559893,-0.001642347,2.449804068,0.37574884,-0.005430186,2.66,4.298736095,0.388171938,-0.047523666,2.337569237,0.385960274,-0.040761345,2.66,4.547710419,0.368428561,-0.033310764,2.597571611,0.368262,-0.008878264,2.66,4.28868866,0.385791063,-0.01548249,2.352027416,0.383066965,-0.016891087,2.66,5.050561428,0.36468837,-0.019620782,2.774990559,0.363837348,-0.026354129,2.66,5.201024532,0.380002128,-0.018676122,4.084803581,0.380002459,-0.014635562,2.66,5.302721977,0.381874707,-0.026963743,3.647872686,0.382556683,-0.0232772,2.66,5.549490929,0.357709991,-0.008738795,3.887045383,0.358220769,-0.037596113
2.7,2.842135429,0.352774892,-0.024710402,2.572576046,0.352094074,-0.033087247,2.7,3.567739964,0.375919375,-0.034147805,2.280471802,0.373707877,-0.009219404,2.7,4.436456203,0.375751323,-0.005449502,2.464997292,0.375238723,-0.033669496,2.7,4.314174175,0.384597646,-0.040060668,2.353007793,0.383918318,-0.026942127,2.7,4.562413692,0.367750724,-0.016276529,2.612274885,0.369111531,-0.016911898,2.7,4.304127216,0.385108259,-0.033215562,2.367465973,0.382897092,-0.013112907,2.7,5.065019608,0.364347961,-0.020211769,2.789448738,0.362135304,-0.023638692,2.7,5.216217518,0.37966205,-0.01616592,4.099997044,0.379834904,-0.00577558,2.7,5.317914963,0.379832255,-0.040763414,3.663311005,0.381535623,-0.043963025,2.7,5.563949108,0.357369913,-0.02692879,3.901258469,0.356007947,-0.039714354
2.74,2.85610342,0.352094074,-0.030723297,2.586789131,0.350903968,-0.044904465,2.74,3.582688332,0.373707877,-0.044083752,2.29542017,0.373536679,-0.01312406,2.74,4.451649666,0.375239717,-0.033719396,2.47994566,0.37200633,-0.040057794,2.74,4.329367638,0.383918815,-0.008628416,2.368201017,0.38357791,-0.008749603,2.74,4.577116966,0.367581513,-0.009908352,2.627223015,0.367409488,-0.036985234,2.74,4.319565296,0.382895933,-0.043948537,2.382659197,0.382556849,-0.022690697,2.74,5.079722881,0.363667144,-0.034159072,2.803906918,0.361624691,-0.01548364,2.74,5.23141098,0.379154417,-0.023729179,4.115190506,0.379834904,-0.005924131,2.74,5.333108425,0.377622247,-0.032607788,3.678504467,0.378131701,-0.043370887,2.74,5.578162193,0.355328454,-0.040743408,3.915471554,0.354816682,-0.033322262
2.78,2.870316505,0.350903968,-0.048213995,2.60075736,0.34767025,-0.038532724,2.78,3.5976367,0.371494227,-0.033450232,2.310368299,0.373026066,-0.026944772,2.78,4.466598034,0.372002853,-0.040089643,2.494648933,0.370985104,-0.022582158,2.78,4.344806194,0.385108259,-0.002372228,2.383639574,0.3844286,-0.016202713,2.78,4.59182024,0.36741164,-0.016303434,2.641681194,0.365198321,-0.03650566,2.78,4.334758759,0.380685925,-0.033315593,2.398097754,0.381535623,-0.040777442,2.78,5.094181061,0.361454487,-0.044087661,2.818365097,0.361284282,-0.015601263,2.78,5.246604443,0.377453036,-0.026121414,4.130383968,0.37966205,-0.01537901,2.78,5.348056793,0.376941429,-0.016089345,3.693452597,0.377110806,-0.020082994,2.78,5.592375278,0.353118777,-0.032601579,3.929684639,0.353115135,-0.02054831
2.82,2.884284735,0.347500046,-0.04881579,2.614480257,0.34698844,-0.016070948,2.82,3.612339735,0.370813575,-0.017009859,2.325316668,0.371154812,-0.036640415,2.82,4.481300831,0.370981627,-0.022554793,2.509597301,0.370643371,-0.013126359,2.82,4.360244274,0.384938055,-0.023867383,2.399077892,0.382725398,-0.033804365,2.82,4.606523514,0.366730822,-0.03333008,2.656384468,0.364177591,-0.026938908,2.82,4.349952221,0.380005108,-0.016207542,2.413290977,0.37830174,-0.036877385,2.82,5.10863924,0.35924183,-0.03333169,2.832823277,0.360773669,-0.02446297,2.82,5.261552811,0.376771556,-0.021775242,4.145576954,0.378981233,-0.032365184,2.82,5.363250256,0.376768576,-0.009114314,3.708646059,0.37694176,-0.006027957,2.82,5.606343746,0.35243796,-0.016213751,3.94365263,0.352946421,-0.005540909
2.86,2.898007631,0.346307622,-0.033918078,2.628448248,0.347670416,-0.020318584,2.86,3.627288103,0.370644695,-0.01323007,2.340019941,0.369962388,-0.041132954,2.86,4.496249199,0.370644199,-0.013203395,2.524300337,0.370473166,-0.01700917,2.86,4.375682831,0.382897589,-0.040894719,2.414271116,0.380684104,-0.03012978,2.86,4.621226788,0.364518166,-0.044087431,2.670842648,0.362816122,-0.013116011,2.86,4.365145683,0.379832255,-0.009115923,2.428239346,0.377620922,-0.011819058,2.86,5.122852325,0.358561012,-0.016311253,2.847281456,0.359071791,-0.030366635,2.86,5.276746273,0.376087758,-0.022949628,4.160770416,0.376771556,-0.040041812,2.86,5.378198147,0.376598371,-0.012270002,3.723594427,0.377110806,-0.005446857,2.86,5.620556831,0.352264775,-0.009961702,3.957865953,0.353797608,-0.015602413
2.9,2.911975622,0.345457759,-0.031189648,2.642416477,0.345968703,-0.038524676,2.9,3.641991377,0.370304286,-0.023528428,2.354968071,0.367749896,-0.041118352,2.9,4.510952473,0.370474988,-0.017709386,2.539248705,0.369793839,-0.033550608,2.9,4.390876293,0.380682945,-0.036523712,2.429464579,0.380003618,-0.019494996,2.9,4.635684967,0.362305509,-0.034159072,2.685300827,0.363667144,-0.012764408,2.9,4.380338669,0.37966205,-0.012277821,2.44343257,0.378471944,-0.009097987,2.9,5.137310505,0.358390808,-0.010046786,2.861494541,0.358221266,-0.033668806,2.9,5.291694164,0.374555919,-0.016526722,4.175718784,0.374729766,-0.023639496,2.9,5.393391609,0.376090739,-0.022895588,3.738787651,0.377621088,-0.029316655,2.9,5.634524822,0.352093577,-0.01632367,3.972079039,0.352094571,-0.034395237
2.94,2.925698757,0.343756212,-0.028471681,2.656139374,0.343756212,-0.040653495,2.94,3.656939745,0.369281736,-0.0448034,2.36942625,0.365879138,-0.024212317,2.94,4.525900841,0.369794501,-0.036751598,2.553951979,0.367581679,-0.044786728,2.94,4.406069279,0.379832255,-0.026567299,2.444657803,0.379663375,-0.020205331,2.94,4.650143147,0.361624691,-0.020329967,2.700004101,0.362986326,-0.037822275,2.94,4.395532131,0.379154086,-0.022915594,2.458626032,0.377280679,-0.016540634,2.94,5.15152359,0.358220604,-0.017020437,2.875952721,0.357031325,-0.048095107,2.94,5.306642532,0.374388695,-0.004694786,4.190667152,0.374558899,-0.00168167,2.94,5.408339977,0.374389688,-0.026103017,3.753981113,0.374387205,-0.043611077,2.94,5.648737907,0.35141276,-0.03343747,3.986047029,0.350053112,-0.033211538
2.98,2.939421654,0.343075891,-0.025989764,2.669862509,0.342564947,-0.037460898,2.98,3.67164278,0.365877648,-0.047385923,2.384129524,0.366390248,-0.020319734,2.98,4.540604115,0.36741164,-0.0511779,2.568655252,0.365369187,-0.037346495,2.98,4.421262741,0.379154417,-0.027747894,2.459851265,0.378982723,-0.034151369,2.98,4.664601326,0.361284282,-0.020329967,2.71446228,0.359752443,-0.044792937,2.98,4.410725594,0.377452042,-0.026254328,2.473574162,0.376770397,-0.018545852,2.98,5.16598177,0.357539786,-0.03664099,2.890166044,0.353627238,-0.044921597,2.98,5.3215909,0.37524071,-0.015353255,4.20561552,0.37574735,-0.005456401,2.98,5.423288345,0.373709202,-0.022575719,3.768684149,0.372345083,-0.019255612,2.98,5.662705898,0.349201096,-0.044763502,4.000015259,0.349201924,-0.025182617
3.02,2.953144789,0.342226028,-0.033449083,2.683585405,0.34069303,-0.031901937,3.02,3.68610096,0.364687708,-0.030477474,2.398832798,0.364858574,-0.030372844,3.02,4.555307388,0.364858574,-0.044796616,2.583113432,0.364518166,-0.026593629,3.02,4.436456203,0.377453036,-0.027066993,2.475044489,0.376770397,-0.044076393,3.02,4.679059505,0.360603465,-0.034158842,2.728675365,0.358561178,-0.033085177,3.02,4.425673962,0.376768576,-0.023298012,2.488767624,0.376090739,-0.025409239,3.02,5.180194855,0.355156925,-0.0511779,2.904134035,0.352604687,-0.023528428,3.02,5.336784363,0.373538666,-0.033580503,4.220808506,0.375236736,-0.033665126,3.02,5.438236713,0.373028053,-0.026967652,3.783632517,0.373197264,-0.001650855,3.02,5.676673889,0.34699142,-0.037328099,4.01398325,0.348519948,-0.024464809
3.06,2.966867924,0.340182417,-0.03535059,2.697063446,0.340013372,-0.028245289,3.06,3.700804234,0.364007387,-0.023983971,2.413290977,0.363837348,-0.037940587,3.06,4.569765568,0.362986326,-0.019620782,2.597816706,0.363837348,-0.027067108,3.06,4.451404572,0.376771556,-0.022602624,2.489992857,0.374558899,-0.033328471,3.06,4.693517685,0.358390808,-0.044204249,2.743133545,0.357710653,-0.031068461,3.06,4.440866947,0.376087758,-0.030118052,2.503715992,0.374387701,-0.023642946,3.06,5.19440794,0.352603859,-0.044907225,2.91834712,0.352264278,-0.013348267,3.06,5.351487637,0.37149522,-0.029346089,4.235756874,0.372005834,-0.040034223,3.06,5.453185081,0.371325016,-0.026983519,3.798580885,0.373366475,-0.009810046,3.06,5.690397263,0.346140398,-0.026607541,4.027951241,0.346988605,-0.020659839
3.1,2.980345726,0.338480042,-0.020451039,2.710786581,0.339161356,-0.040778476,3.1,3.715262413,0.362645917,-0.017134611,2.427994251,0.361624691,-0.040423309,3.1,4.584223747,0.363837348,-0.006264467,2.612274885,0.362135304,-0.023875891,3.1,4.466598034,0.376087758,-0.026259157,2.504941225,0.373877088,-0.016314702,3.1,4.70773077,0.356178151,-0.034151254,2.75734663,0.356010099,-0.028474325,3.1,4.455815315,0.37421849,-0.033298346,2.518664122,0.373877088,-0.016306883,3.1,5.208375931,0.350731942,-0.021609673,2.932315111,0.352095399,-0.018546312,3.1,5.366436005,0.370811423,-0.015504566,4.250460148,0.370985601,-0.022437285,3.1,5.467888355,0.370641218,-0.022714843,3.813529015,0.372856028,-0.030126676,3.1,5.704365253,0.345456931,-0.027081711,4.041674137,0.346651011,-0.015228849
3.14,2.993823767,0.33916086,-0.019967671,2.724264383,0.336778661,-0.052114512,3.14,3.729720592,0.363156531,-0.023519689,2.442207336,0.359752443,-0.024111482,3.14,4.598927021,0.363667144,-0.019975375,2.626733065,0.361624691,-0.016193055,3.14,4.481545925,0.374385715,-0.023736538,2.519889355,0.373706884,-0.009924219,3.14,4.721943855,0.355497665,-0.020309731,2.771559954,0.355329282,-0.026128197,3.14,4.470763683,0.373198258,-0.03012794,2.53361249,0.373537673,-0.01950178,3.14,5.222343922,0.351583958,-0.021120556,2.946528435,0.351414747,-0.045623193,3.14,5.381138802,0.370641218,-0.009671268,4.265408516,0.370645523,-0.01228495,3.14,5.482836246,0.369960401,-0.0269281,3.828477383,0.370644861,-0.043364219,3.14,5.71808815,0.343754888,-0.023861174,4.055642605,0.34699142,-0.034054787
3.18,3.007546663,0.338310334,-0.048913177,2.737742424,0.33422692,-0.045734377,3.18,3.744423866,0.361284282,-0.041010502,2.456665516,0.360263056,-0.020444255,3.18,4.613385201,0.3619651,-0.030022161,2.641191244,0.361284282,-0.018675202,3.18,4.496494293,0.373878082,-0.016276759,2.534837723,0.373537673,-0.016310448,3.18,4.73615694,0.35515825,-0.020295244,2.785773039,0.354476935,-0.034166201,3.18,4.485712051,0.371496214,-0.019869595,2.548560858,0.372855862,-0.03404122,3.18,5.236557007,0.351246529,-0.091452427,2.960496426,0.349030892,-0.103647004,3.18,5.39608717,0.370473994,-0.015449147,4.28011179,0.370475319,-0.012883526,3.18,5.49753952,0.368261337,-0.026914303,3.843180656,0.368432535,-0.03404076,3.18,5.731811047,0.343246924,-0.016296535,4.069610596,0.343754888,-0.04847557
3.22,3.021024704,0.334567494,-0.062860594,2.75097537,0.332354671,-0.023646625,3.22,3.758636951,0.359071791,-0.041240803,2.471123695,0.358731382,-0.03107582,3.22,4.62784338,0.360943874,-0.032622505,2.655649424,0.360603465,-0.030140243,3.22,4.511442661,0.373538666,-0.019483958,2.549786091,0.372855862,-0.03333192,3.22,4.750370026,0.354480412,-0.034138146,2.799986124,0.352434483,-0.038406133,3.22,4.500415325,0.371325016,-0.005470198,2.563508987,0.370643371,-0.044074093,3.22,5.250525475,0.34733216,-0.262261357,2.974464417,0.34528772,-0.244743064,3.22,5.410790443,0.36979417,-0.029292739,4.295060158,0.369964706,-0.022346913,3.22,5.512242794,0.367581513,-0.02267368,3.85788393,0.367751386,-0.020343419,3.22,5.74553442,0.342906515,-0.019517302,4.083088398,0.341542231,-0.029771048
3.26,3.03425765,0.331844721,-0.044553437,2.764208317,0.333034164,-0.016790596,3.26,3.773095131,0.357880857,-0.037569323,2.485336781,0.357710653,-0.041233445,3.26,4.642301559,0.359071626,-0.026949026,2.670107603,0.358561012,-0.034631057,3.26,4.526391029,0.37285818,-0.034040875,2.564734221,0.370643371,-0.043955206,3.26,4.764583588,0.352267755,-0.044226554,2.813954115,0.350563559,-0.025992983,3.26,4.515363693,0.372173058,-0.015622764,2.578212261,0.368432204,-0.033317433,3.26,5.264493465,0.335927142,-0.567168319,2.988187551,0.335417522,-0.534870512,3.26,5.425738811,0.367752049,-0.033678464,4.309763432,0.368262331,-0.02283235,3.26,5.526946068,0.366901027,-0.026941207,3.872587204,0.367409488,-0.020339625,3.26,5.759257317,0.342223048,-0.034055362,4.096811295,0.341885289,-0.019606065
3.3,3.047490597,0.330993699,-0.02364559,2.777686119,0.332353347,-0.038639309,3.3,3.787308216,0.356010099,-0.031783855,2.49979496,0.355329282,-0.047622318,3.3,4.656514645,0.358561012,-0.017020437,2.684320688,0.356858969,-0.02020786,3.3,4.541339397,0.370645192,-0.044224485,2.579437494,0.368432204,-0.033314328,3.3,4.778551579,0.350052118,-0.034073989,2.827922344,0.350904134,-0.023404136,3.3,4.530311584,0.370471014,-0.034374541,2.592915535,0.367751718,-0.016311138,3.3,5.278216362,0.303592947,-0.884215359,3.001910448,0.308189458,-0.921430664,3.3,5.440196991,0.366050005,-0.016191445,4.324466705,0.367750724,-0.015518594,3.3,5.541649342,0.365198983,-0.026947416,3.887290239,0.36672867,-0.034030297,3.3,5.772980213,0.340010391,-0.044189761,4.110534668,0.340523654,-0.021526429
3.34,3.060723543,0.330652793,-0.017982574,2.790919065,0.329120954,-0.045015764,3.34,3.80152154,0.355329282,-0.02766465,2.513763189,0.353116625,-0.035583881,3.34,4.670972824,0.358220604,-0.01973875,2.698533773,0.357539952,-0.019137874,3.34,4.556042671,0.368431542,-0.034193566,2.594140768,0.367751883,-0.016304929,3.34,4.792519569,0.349370307,-0.019515002,2.842135429,0.349201096,-0.03143984,3.34,4.545014858,0.368431542,-0.033296967,2.607618809,0.367581182,-0.009823843,3.34,5.289488792,0.254923105,-0.94919615,3.014163256,0.251861579,-1.060770319,3.34,5.454900265,0.366901027,-0.008746384,4.339169979,0.367407335,-0.016332179,3.34,5.556107521,0.364518166,-0.022575489,3.901993513,0.364517503,-0.043361114,3.34,5.786458015,0.337800384,-0.034137916,4.12401247,0.340010391,-0.024243591
3.38,3.07395649,0.33014069,-0.028023036,2.803906918,0.32793002,-0.033794362,3.38,3.815734625,0.354476935,-0.038302423,2.527976274,0.352434483,-0.023764133,3.38,4.685185909,0.357539786,-0.03474845,2.712991953,0.356689427,-0.044897567,3.38,4.570745945,0.367747744,-0.020350893,2.608844042,0.367581679,-0.01005288,3.38,4.80648756,0.349029899,-0.016417032,2.855858326,0.347500046,-0.02351693,3.38,4.559718132,0.367581513,-0.025865012,2.622322083,0.367409488,-0.015493528,3.38,5.298065662,0.217484766,-0.76872929,3.021514893,0.206593507,-0.814015828,3.38,5.469603539,0.366560618,-0.026949026,4.353872776,0.366896722,-0.027637285,3.38,5.570810795,0.363837348,-0.026239841,3.916451693,0.362305343,-0.030011927,3.38,5.799936295,0.337119897,-0.020330657,4.137735367,0.339159369,-0.039928443
3.42,3.087189198,0.328268442,-0.037575532,2.817139864,0.327079164,-0.034273361,3.42,3.82994771,0.352264278,-0.048804407,2.541944265,0.35192387,-0.027528746,3.42,4.699644089,0.355327129,-0.047389372,2.727205038,0.353116625,-0.052350217,3.42,4.585448742,0.367407335,-0.020309041,2.623547316,0.367410978,-0.017154387,3.42,4.820455551,0.348520279,-0.024551733,2.869826555,0.347840455,-0.026715965,3.42,4.574421406,0.366901027,-0.027650392,2.637025118,0.36672867,-0.029420595,3.42,5.306152344,0.196554926,-0.632362509,3.02935648,0.190256867,-0.610624061,3.42,5.484306812,0.364518166,-0.040896329,4.36857605,0.365027454,-0.036606496,3.42,5.585268974,0.362135304,-0.023757694,3.930909872,0.361794896,-0.009096492,3.42,5.813414097,0.336777502,-0.020322378,4.151213169,0.336779488,-0.051855121
3.46,3.10017705,0.327078501,-0.045248365,2.830127716,0.325206916,-0.035103732,3.46,3.843915701,0.349882907,-0.043952677,2.556157351,0.350904134,-0.045724949,3.46,4.71361208,0.352944599,-0.0405215,2.741173267,0.350903968,-0.026009885,3.46,4.600152016,0.366729498,-0.034124349,2.638250589,0.36672867,-0.037356843,3.46,4.834423542,0.346821215,-0.030354447,2.883794546,0.345967213,-0.041719802,3.46,4.58912468,0.365198983,-0.027183811,2.651728392,0.364687708,-0.034378106,3.46,5.313994408,0.173579984,-0.639466776,3.037198305,0.16762399,-0.615948236,3.46,5.498764992,0.362305509,-0.03333169,4.383034229,0.363837017,-0.040285105,3.46,5.599727154,0.361624691,-0.016311253,3.945368052,0.3619651,0.001541281,3.46,5.826891899,0.336099002,-0.034137916,4.164691448,0.334227416,-0.044901246
3.5,3.113409996,0.324696302,-0.052223051,2.843115568,0.324185689,-0.03522193,3.5,3.85788393,0.348691973,-0.034979556,2.57012558,0.347500543,-0.048214455,3.5,4.727825165,0.351924366,-0.027741685,2.755141258,0.351583461,-0.009580435,3.5,4.614855289,0.364517834,-0.044185622,2.652953625,0.364345974,-0.054468458,3.5,4.848146915,0.345970194,-0.03369939,2.897517443,0.343755715,-0.041354747,3.5,4.603582859,0.364518166,-0.023402872,2.666186571,0.362986161,-0.019492352,3.5,5.320365429,0.144309468,-0.643243576,3.043079615,0.139373541,-0.619493701,3.5,5.513223171,0.361624691,-0.019384387,4.397737503,0.361624691,-0.036987993,3.5,5.614185333,0.361284282,-0.019502585,3.959826231,0.362986492,-0.01299149,3.5,5.840370178,0.333887008,-0.04419827,4.177924156,0.332355168,-0.019626761
3.54,3.126152754,0.322314103,-0.045366447,2.85610342,0.322313441,-0.035100743,3.54,3.871851921,0.34698993,-0.024824461,2.583848476,0.346309278,-0.033800571,3.54,4.741793156,0.350565712,-0.013216962,2.769354343,0.351413257,-0.021500674,3.54,4.629313469,0.362305509,-0.034151254,2.667411804,0.361624691,-0.051972169,3.54,4.862114906,0.344776114,-0.04871162,2.911240578,0.342564782,-0.03769097,3.54,4.618286133,0.363837348,-0.030140358,2.680644751,0.363667144,-0.015951946,3.54,5.325266838,0.119974878,-0.606256733,3.047980547,0.117080576,-0.609907862,3.54,5.527681351,0.361284282,-0.016311253,4.411950588,0.359922647,-0.012999883,3.54,5.628643513,0.360603465,-0.034159072,3.974529505,0.361284945,-0.037096648,3.54,5.853602886,0.331674351,-0.034166431,4.191157341,0.333205528,-0.00640198
3.58,3.139140606,0.321124163,-0.038402109,2.868846178,0.321462585,-0.037931159,3.58,3.885575056,0.34664919,-0.016793586,2.597816706,0.345458256,-0.03120333,3.58,4.755761623,0.351416734,-0.012784644,2.783322334,0.349712703,-0.034141596,3.58,4.643771648,0.361624691,-0.020328127,2.681869984,0.359414021,-0.031065357,3.58,4.875837803,0.341372026,-0.051635743,2.924963474,0.34069303,-0.03579889,3.58,4.632744312,0.3619651,-0.03333169,2.695348024,0.362986326,-0.038527665,3.58,5.329922676,0.096829732,-0.580491061,3.052636623,0.091384848,-0.602338624,3.58,5.54213953,0.360773669,-0.023757694,4.426408768,0.360943874,0.001538407,3.58,5.643101692,0.358390808,-0.044914813,3.98874259,0.359073778,-0.041122261,3.58,5.866836071,0.330992871,-0.020349513,4.204635143,0.333033005,-0.020802527
3.62,3.151883602,0.319251915,-0.031919759,2.88183403,0.320101447,-0.056243835,3.62,3.899543047,0.34698844,-0.037467797,2.611539602,0.343756212,-0.028603561,3.62,4.769974709,0.350732936,-0.037850099,2.797290564,0.348521769,-0.043013765,3.62,4.658229828,0.361284282,-0.020328127,2.696083307,0.359073778,-0.009698632,3.62,4.889315605,0.340353449,-0.06451099,2.938441515,0.340013372,-0.056608201,3.62,4.647202492,0.360943874,-0.030258555,2.709806204,0.359752609,-0.04490481,3.62,5.333108425,0.072835551,-0.537110746,3.055332184,0.066029363,-0.531910976,3.62,5.55659771,0.359071626,-0.026239841,4.440866947,0.361114078,-0.009093388,3.62,5.657314777,0.356178151,-0.037348795,4.003201008,0.357882347,-0.040670397,3.62,5.880068779,0.330650144,-0.020329737,4.217867851,0.33133328,-0.034138146
3.66,3.16462636,0.318569773,-0.02766534,2.894576788,0.31635844,-0.060384426,3.66,3.913511038,0.343585511,-0.055657332,2.625262737,0.343075395,-0.026830139,3.66,4.783942699,0.34749839,-0.044796846,2.811258554,0.346139073,-0.044792937,3.66,4.672688007,0.360603465,-0.034269451,2.710541487,0.35992331,-0.017154387,3.66,4.903038979,0.33916235,-0.175504635,2.95216465,0.338991152,-0.178221912,3.66,4.661660671,0.35924183,-0.020684329,2.724019289,0.358561675,-0.032959736,3.66,5.335558891,0.053096149,-0.47756152,3.057537794,0.048671663,-0.45452037,3.66,5.570810795,0.358390808,-0.022457522,4.455325127,0.360603796,-0.030001924,3.66,5.671527863,0.355327129,-0.026704812,4.017414093,0.355838405,-0.038194919,3.66,5.893301487,0.329971645,-0.034256114,4.231101036,0.330142511,-0.043719271
3.7,3.177369118,0.317718751,-0.038287936,2.90707469,0.313975745,-0.037231747,3.7,3.926989079,0.341032942,-0.041237009,2.638985634,0.342224373,-0.037347185,3.7,4.797665596,0.346307622,-0.03306816,2.824981689,0.344096621,-0.027775603,3.7,4.687146187,0.358391139,-0.044894807,2.724999666,0.358220769,-0.037829288,3.7,4.916516781,0.332693259,-0.450855788,2.965642452,0.331673192,-0.459241025,3.7,4.675873756,0.359071626,-0.009454189,2.738477468,0.357712143,-0.030247977,3.7,5.337274551,0.035566754,-0.427822916,3.059253216,0.03182292,-0.411156036,3.7,5.585268974,0.357709991,-0.026239611,4.469783306,0.358392133,-0.043343753,3.7,5.685740948,0.354646643,-0.027756172,4.031627178,0.354816682,-0.034994963,3.7,5.906534672,0.32775965,-0.044899866,4.244333744,0.327759981,-0.048099937
3.74,3.190111876,0.315507419,-0.04892318,2.919572353,0.314144956,-0.027654187,3.74,3.940711975,0.340182417,-0.022915939,2.652708769,0.340011881,-0.04490803,3.74,4.811633587,0.34545958,-0.031065012,2.838704586,0.343756212,-0.008982779,3.74,4.701359272,0.356179476,-0.037315681,2.739212751,0.356008112,-0.040535528,3.74,4.930239677,0.309210022,-0.84436901,2.979120493,0.31023158,-0.89058779,3.74,4.690331936,0.359752443,-0.025995628,2.752690792,0.356010099,-0.024594734,3.74,5.338499546,0.017696619,-0.345793403,3.060233355,0.01361337,-0.319911949,3.74,5.599482059,0.356007947,-0.023756084,4.483996391,0.356182456,-0.034019949,3.74,5.699954033,0.352945593,-0.027150698,4.045840263,0.352944268,-0.030372844,3.74,5.919522285,0.325547324,-0.037337527,4.257321835,0.325547324,-0.035576062
3.78,3.202609777,0.313124723,-0.044088121,2.932315111,0.312444071,-0.033084027,3.78,3.954190016,0.339843167,-0.017843796,2.666186571,0.337799556,-0.034266002,3.78,4.82535696,0.343757537,-0.028617128,2.852427721,0.344607234,-0.017019748,3.78,4.715572357,0.355331434,-0.026691705,2.753425837,0.354817179,-0.037333733,3.78,4.942492485,0.257477164,-1.04042368,2.992108345,0.252371199,-1.10945101,3.78,4.704790115,0.357540117,-0.052223051,2.766903877,0.355497996,-0.016442902,3.78,5.338499546,0.005104807,-0.203727848,3.05998826,0.003743668,-0.176553695,3.78,5.613695145,0.355497334,-0.016303434,4.498209953,0.355501639,-0.020350893,3.78,5.713922024,0.352267755,-0.023500143,4.059808254,0.352263782,-0.02338367,3.78,5.932510376,0.324696634,-0.030479083,4.270309448,0.324866507,-0.029902583
3.82,3.215107441,0.311932299,-0.034155968,2.944567919,0.310742358,-0.027533,3.82,3.967913151,0.339331561,-0.028015448,2.679664612,0.337119897,-0.020325943,3.82,4.839079857,0.34307407,-0.026845086,2.866395712,0.34290519,-0.037819975,3.82,4.729785919,0.354650617,-0.027915302,2.767638922,0.352946421,-0.031074785,3.82,4.950579166,0.210339493,-0.86966971,2.998969793,0.201148623,-0.863280262,3.82,4.719003201,0.353966819,-0.044171135,2.781116962,0.355157256,-0.01950247,3.82,5.338499546,0.002552734,-0.086616679,3.060233355,0.001701878,-0.078822659,3.82,5.62790823,0.355157256,-0.019482348,4.512423038,0.35515825,-0.02036446,3.82,5.728135586,0.351586938,-0.030987057,4.074021339,0.351583958,-0.027150813,3.82,5.94549799,0.324016478,-0.061081193,4.283297539,0.324526098,-0.084856594
3.86,3.227605104,0.31006121,-0.01204867,2.957065582,0.310912728,-0.03640149,3.86,3.981390953,0.337459313,-0.037461013,2.693142653,0.336778495,-0.020447705,3.86,4.852802753,0.342223048,-0.037334307,2.879873753,0.340692699,-0.040534723,3.86,4.743999004,0.352945593,-0.028045917,2.781607151,0.352265603,-0.024236923,3.86,4.958176136,0.187875496,-0.662404216,3.006566525,0.18481248,-0.612511886,3.86,4.732971191,0.353118777,-0.015935734,2.795330048,0.35447677,-0.034026618,3.86,5.33874464,0.000680817,-0.030723297,3.060233355,-0.001021226,-0.023280075,3.86,5.642121315,0.354477432,-0.034124349,4.526636124,0.354476439,-0.034177699,3.86,5.742103577,0.34971171,-0.037377309,4.08798933,0.349884894,-0.027755252,3.86,5.95848608,0.322316753,-0.211778384,4.296285152,0.322994259,-0.325585543
3.9,3.239857912,0.31023158,0.022100745,2.969563484,0.308529867,-0.056142424,3.9,3.994868994,0.336269041,-0.044552747,2.706620455,0.336097843,-0.035090165,3.9,4.86652565,0.34001304,-0.046903015,2.893596649,0.339501599,-0.039702741,3.9,4.757966995,0.352263782,-0.027434234,2.795820236,0.351583461,-0.030383192,3.9,4.965772629,0.165240301,-0.614534696,3.014163256,0.163710448,-0.600586358,3.9,4.747184753,0.353969799,-0.013849801,2.809543133,0.352265603,-0.044074093,3.9,5.338499546,0.000680817,-0.00141676,3.05998826,0.000170204,0.010875088,3.9,5.6563344,0.352267755,-0.044893887,4.540849209,0.352263451,-0.044087661,3.9,5.756071568,0.348519617,-0.040659934,4.101957798,0.349204077,-0.026731947,3.9,5.971229076,0.316188071,-0.654021163,4.309273243,0.310570995,-0.91197866
3.94,3.252355576,0.311933292,0.041004753,2.981816053,0.304955575,-0.044438919,3.94,4.008347034,0.333885517,-0.049041722,2.720098495,0.333886676,-0.048915591,3.94,4.880003929,0.337800715,-0.05212348,2.90707469,0.33763051,-0.051290694,3.94,4.77218008,0.35141276,-0.040647516,2.809788227,0.349711213,-0.034147805,3.94,4.971653938,0.138693055,-0.594067445,3.020044565,0.136141479,-0.612884645,3.94,4.761397839,0.352605184,-0.027218535,2.823511362,0.350053112,-0.033332035,3.94,5.33874464,0.001702044,-0.005318427,3.060233355,0.001531839,0.00189139,3.94,5.670302868,0.350055099,-0.037369721,4.5548172,0.350051125,-0.033313064,3.94,5.770039558,0.346307622,-0.038505244,4.115925789,0.348350075,-0.037495507,3.94,5.98421669,0.289299422,-1.545667786,4.322015762,0.267345707,-1.869551424
3.98,3.264608383,0.317038099,-0.018200918,2.993823767,0.304104719,-0.015358429,3.98,4.021579742,0.331674185,-0.038990797,2.733331442,0.331504312,-0.047859747,3.98,4.893481731,0.33711791,-0.120540276,2.920552731,0.336948699,-0.136146368,3.98,4.786148071,0.349030892,-0.051973779,2.823756218,0.348691477,-0.034259793,3.98,4.976554871,0.11759301,-0.586622613,3.024700642,0.113847189,-0.623044339,3.98,4.775365829,0.351582964,-0.037244625,2.837479353,0.349371301,-0.016310448,3.98,5.33874464,0.000510613,-0.021273707,3.060233355,0.000510613,-0.01879225,3.98,5.684270859,0.349201096,-0.026739536,4.568785191,0.349371301,-0.016276759,3.98,5.783762455,0.344608559,-0.020309041,4.12989378,0.346136755,-0.045624228,3.98,5.996959686,0.197233756,-2.476787999,4.333533287,0.15486247,-2.608160822
4.02,3.278086185,0.312783652,-0.093706803,3.006076336,0.305126276,-0.026226389,4.02,4.034812927,0.330823494,-0.030960037,2.746564388,0.330142842,-0.045383924,4.02,4.906959534,0.333886676,-0.370476671,2.934030533,0.332864457,-0.411255262,4.02,4.800116062,0.346480807,-0.045012315,2.837724447,0.346819725,-0.031194017,4.02,4.981211185,0.093428625,-0.609580289,3.02935648,0.087470147,-0.644781523,4.02,4.789578915,0.349370307,-0.040174726,2.851447344,0.34920209,-0.009924219,4.02,5.33874464,0,-0.051997004,3.060233355,0,-0.055427835,4.02,5.69823885,0.348519617,-0.027776408,4.582753181,0.349204077,-0.01002563,4.02,5.797485828,0.345289376,-0.016088195,4.143616676,0.343924761,-0.037441467,4.02,6.001860619,0.060410301,-2.627442418,4.335248947,0.021445089,-2.421123884
4.06,3.290093899,0.301553143,0.042198456,3.018329144,0.303936005,-0.113334829,4.06,4.048045635,0.329972638,-0.039001835,2.759797335,0.327930186,-0.042668486,4.06,4.920437813,0.319081545,-0.910095089,2.947508574,0.315507419,-0.971067283,4.06,4.813839436,0.344608559,-0.020467481,2.851447344,0.346139073,-0.028245174,4.06,4.98415184,0.067048603,-0.590807816,3.031807184,0.059391061,-0.597156561,4.06,4.803301811,0.347499053,-0.023369758,2.865415573,0.349031885,-0.016314702,4.06,5.33874464,-0.001531508,-0.152088426,3.060233355,-0.001701878,-0.163441478,4.06,5.712206841,0.346818235,-0.027040089,4.596721649,0.349033872,-0.017157951,4.06,5.811453819,0.344605909,-0.038546637,4.157339573,0.343076719,-0.026691705,4.06,6.000390053,-0.045436952,-1.937382061,4.333043575,-0.061603718,-1.611622671
4.1,3.301856518,0.302233961,0.467628563,3.030336857,0.301041868,-0.354546456,4.1,4.06127882,0.327759981,-0.049051265,2.772785187,0.326057937,-0.027658096,4.1,4.933915615,0.266665883,-1.5685866,2.96074152,0.259518954,-1.623419999,4.1,4.827562332,0.3454566,-0.010428283,2.865415573,0.345288051,-0.041485822,4.1,4.986357212,0.045093894,-0.536423866,3.033767462,0.038628777,-0.511350478,4.1,4.817269802,0.348012646,-0.017116329,2.879383564,0.348350075,-0.033446668,4.1,5.33874464,-0.00799795,-0.368701409,3.060233355,-0.008679264,-0.392229377,4.1,5.725929737,0.346140398,-0.022672991,4.61068964,0.348350075,-0.037377309,4.1,5.825176716,0.341372026,-0.044898946,4.171062946,0.342395902,-0.027907713,4.1,5.996224403,-0.099380811,-1.040909807,4.328877449,-0.103127625,-0.823953499
4.14,3.312393904,0.343756378,0.761296991,3.04283452,0.284023417,-0.808576329,4.14,4.074266434,0.32537712,-0.044678533,2.785773039,0.326398346,-0.027540013,4.14,4.942982674,0.182258421,-1.942729462,2.96931839,0.174600217,-1.992253288,4.14,4.841530323,0.345115529,-0.031203905,2.87913847,0.34290519,-0.055313087,4.14,4.987827301,0.023141834,-0.442325793,3.034992695,0.017868314,-0.396353296,4.14,4.83123827,0.346651011,-0.023888999,2.893351555,0.346138577,-0.044785578,4.14,5.338499546,-0.026715795,-0.691690977,3.05998826,-0.029100147,-0.720994639,4.14,5.739898205,0.34545958,-0.026962363,4.624657631,0.345966551,-0.054488809,4.14,5.838654518,0.340183245,-0.033074369,4.184785843,0.340691209,-0.027907483,4.14,5.991323471,-0.117251939,-0.394843749,4.323976517,-0.116231706,-0.314116018
4.18,3.329302549,0.387491451,0.505682288,3.054106951,0.238757001,-1.315783686,4.18,4.087254524,0.324185689,-0.038177787,2.799005985,0.324526098,-0.041959991,4.18,4.948373795,0.096829401,-1.931368247,2.974709511,0.08644859,-1.982316881,4.18,4.85525322,0.342903535,-0.051978378,2.892861605,0.340182086,-0.052118076,4.18,4.988072395,0.006295906,-0.270607387,3.034992695,0.003744993,-0.21531764,4.18,4.844961166,0.345967544,-0.029800253,2.90707469,0.343926251,-0.037342701,4.18,5.337274551,-0.063644515,-0.995785274,3.058517933,-0.066878233,-1.024364919,4.18,5.753621101,0.343754888,-0.027081481,4.638380527,0.343243943,-0.051978378,4.18,5.852377892,0.339332554,-0.031088007,4.198263645,0.340010391,-0.026690325,4.18,5.986422062,-0.118953652,-0.085079652,4.319320202,-0.118953983,-0.082351911
4.22,3.345476151,0.386470722,0.155994577,3.062683821,0.171878934,-1.638060275,4.22,4.100242138,0.322313441,-0.031203905,2.811748743,0.322313441,-0.042195696,4.22,4.950334072,0.020933151,-1.69052202,2.975934744,0.006636315,-1.687571682,4.22,4.868976116,0.340183245,-0.056588999,2.906339407,0.33796976,-0.033792752,4.22,4.987827301,0.001701713,-0.107057025,3.034747839,0.002382696,-0.077066483,4.22,4.858929157,0.344776114,-0.044191141,2.920797586,0.343075395,-0.02682439,4.22,5.333843708,-0.112827288,-1.122119296,3.055087328,-0.117080576,-1.15414219,4.22,5.767343998,0.34307407,-0.023505202,4.652103424,0.341034267,-0.031058803,4.22,5.865855694,0.337628524,-0.028720608,4.211986542,0.33916235,-0.037435028,4.22,5.981766224,-0.117249621,0.004960385,4.31441927,-0.118781461,0.005793746
4.26,3.35993433,0.386981169,0.064048203,3.06807518,0.097511378,-1.668207761,4.26,4.112985134,0.321632624,-0.024347302,2.824736595,0.321122011,-0.041601605,4.26,4.949599266,-0.040670236,-1.350913289,2.974464417,-0.051733686,-1.277371229,4.26,4.882454395,0.337800715,-0.055195235,2.919817448,0.33763051,-0.031551139,4.26,4.988072395,0.001702044,-0.036276969,3.035237789,0.001700554,-0.035933299,4.26,4.872652054,0.34154488,-0.038399465,2.934520721,0.342394743,-0.028596087,4.26,5.328207493,-0.161328581,-1.028379034,3.049206018,-0.16830547,-1.03690742,4.26,5.781066895,0.342395902,-0.030946814,4.665581703,0.340694189,-0.009692883,4.26,5.879333496,0.336949693,-0.027649473,4.225464821,0.336950686,-0.045610431,4.26,5.977110386,-0.116571122,0.012034067,4.309763432,-0.11691153,0.029411857
4.3,3.376107931,0.391064915,0.019023011,3.070280552,0.029099319,-1.420851475,4.3,4.125972748,0.320951806,-0.031315894,2.837479353,0.319079724,-0.042304466,4.3,4.946658611,-0.088152952,-0.975583852,2.971278667,-0.093595849,-0.896137208,4.3,4.895932198,0.33711791,-0.112975867,2.933295488,0.338480539,-0.132244011,4.3,4.988072395,0.000510613,-0.017491388,3.034992695,-0.00051111,-0.012166062,4.3,4.886130333,0.340864062,-0.016089345,2.948243618,0.34069303,-0.031074555,4.3,5.320610523,-0.200466977,-0.789292893,3.041119099,-0.206084881,-0.762357089,4.3,5.794790268,0.340523985,-0.038179856,4.6793046,0.341543224,-0.018082375,4.3,5.892811775,0.336098671,-0.041376017,4.238942623,0.334738029,-0.037592778,4.3,5.972454071,-0.11640158,0.008732816,4.305107117,-0.115890967,0.028951025
4.34,3.391546249,0.389533076,-0.020912446,3.069790363,-0.021782021,-0.998119444,4.34,4.138715744,0.319079889,-0.038991142,2.850222111,0.31788879,-0.046197049,4.34,4.942002296,-0.118954976,-0.601400058,2.966622829,-0.122355587,-0.550725417,4.34,4.90941,0.333886676,-0.320483045,2.947018385,0.332864622,-0.396127594,4.34,4.988072395,0.000170204,-0.007919001,3.034992695,0.001191265,-0.006612735,4.34,4.89985323,0.341542231,-0.020461272,2.961721659,0.339843167,-0.033091386,4.34,5.311543941,-0.223439601,-0.575536655,3.03205204,-0.226844682,-0.547028871,4.34,5.80826807,0.339330567,-0.047159186,4.693027496,0.339843167,-0.045022893,4.34,5.906289577,0.333713823,-0.055309983,4.252175808,0.333886345,-0.02755933,4.34,5.967798233,-0.116231706,0.012287479,4.300451279,-0.114188923,0.015845821
4.38,3.407229662,0.388513174,-0.04537645,3.067830086,-0.051562157,-0.530739234,4.38,4.151458263,0.317889121,-0.048674827,2.862964869,0.315507419,-0.052346997,4.38,4.936611176,-0.133928657,-0.297316339,2.960986614,-0.136312346,-0.260953596,4.38,4.922888279,0.320272975,-0.718518126,2.960251331,0.314826932,-0.820980396,4.38,4.988072395,0,-0.00330953,3.035237789,-0.000170204,-0.018317505,4.38,4.913576126,0.339840187,-0.039455653,2.975444794,0.338650743,-0.045151668,4.38,5.302476883,-0.239439143,-0.534301141,3.022740126,-0.241308742,-0.537002321,4.38,5.821990967,0.337119897,-0.071971919,4.706505775,0.33763051,-0.076827444,4.38,5.919522285,0.330992871,-0.054348076,4.26565361,0.33320321,-0.035340357,4.38,5.963141918,-0.115721093,0.022935371,4.296040058,-0.114188261,-0.005062945
4.42,3.422668219,0.38579007,-0.065242136,3.065134525,-0.063305265,-0.086875379,4.42,4.16420126,0.315338373,-0.059445515,2.87546277,0.313124723,-0.045387373,4.42,4.93097496,-0.138863259,-0.105047438,2.955350161,-0.139545898,-0.0771618,4.42,4.936366081,0.275175439,-1.054851591,2.973729372,0.262072186,-1.092333531,4.42,4.988072395,0,-0.000709185,3.034992695,-0.001531839,-0.004609012,4.42,4.927053928,0.33763051,-0.047954144,2.988922596,0.335417026,-0.043603028,4.42,5.292674541,-0.261391534,-0.610392955,3.013183117,-0.265135037,-0.639352947,4.42,5.835224152,0.334226423,-0.11926034,4.719983578,0.335075789,-0.140510362,4.42,5.93275547,0.328780876,-0.051516166,4.278886318,0.33133328,-0.067583665,4.42,5.95848608,-0.114018718,0.026135211,4.29138422,-0.115547578,-0.003191562
4.46,3.438106537,0.382895768,-0.072680529,3.062193871,-0.057009856,0.289645805,4.46,4.176699162,0.312613116,-0.056853679,2.887960434,0.311932299,-0.038410158,4.46,4.925338745,-0.138522519,-0.022213078,2.949713945,-0.138523181,-0.004236598,4.46,4.94543314,0.218167901,-0.976151384,2.981326103,0.207103458,-0.895331671,4.46,4.988072395,0,-0.000118197,3.034992695,-0.000510613,0.008037544,4.46,4.940532207,0.336269869,-0.072082988,3.002155542,0.334737533,-0.05104556,4.46,5.2818923,-0.290661719,-0.627172858,3.001910448,-0.297298696,-0.625511424,4.46,5.848701954,0.330310067,-0.212492398,4.73346138,0.328270925,-0.225465147,4.46,5.945743084,0.328440799,-0.125970461,4.292119503,0.330142511,-0.205270624,4.46,5.95407486,-0.113337239,0.022478448,4.286728382,-0.115379691,0.018890671
4.5,3.453299761,0.379833579,-0.075860248,3.05998826,-0.034716394,0.494931146,4.5,4.189196587,0.310230586,-0.041702555,2.900458097,0.31006121,-0.031901937,4.5,4.919947624,-0.138522519,-0.004024693,2.944322824,-0.138012071,0.007689275,4.5,4.952539921,0.188385778,-0.680956162,2.988677502,0.186681913,-0.591003623,4.5,4.988072395,0,0,3.034992695,-0.000170204,0.006500862,4.5,4.95401001,0.333716803,-0.167472495,3.015633583,0.335078107,-0.181528222,4.5,5.269394398,-0.318570601,-0.463264454,2.98916769,-0.323334171,-0.40570067,4.5,5.862179756,0.315335393,-0.23988363,4.746694565,0.31278597,-0.20067035,4.5,5.958976269,0.3260586,-0.430282527,4.305352211,0.322824717,-0.586047723,4.5,5.949419022,-0.112654103,0.026121644,4.282072067,-0.113508105,0.030362956
4.54,3.468493223,0.37677139,-0.076462733,3.059253216,-0.008168817,0.445300161,4.54,4.201449394,0.309382213,-0.028351299,2.912710905,0.309380723,-0.027650507,4.54,4.914311409,-0.139373872,0.014045494,2.938686609,-0.137841867,0.008622092,4.54,4.959891319,0.173579984,-0.577551301,2.996029139,0.173579653,-0.566413373,4.54,4.988072395,0,0,3.034992695,0,0.003191332,4.54,4.967243195,0.327419241,-0.396393653,3.029111624,0.327418745,-0.501673807,4.54,5.255916595,-0.333036648,-0.154815476,2.975444794,-0.33337507,-0.081669861,4.54,5.873942375,0.302063094,-0.071236059,4.75821209,0.30461616,-0.020354572,4.54,5.972208977,0.307849712,-1.079909917,4.318340302,0.298148725,-1.309770447,4.54,5.945008278,-0.110954377,0.022791188,4.277661324,-0.111806393,0.018550566
4.58,3.483441591,0.373706884,-0.076588289,3.059743166,0.007828077,0.209301066,4.58,4.213947296,0.308701396,-0.032045775,2.925208569,0.308529867,-0.038407743,4.58,4.908675194,-0.137672822,0.033533362,2.933295488,-0.137672159,0.016057496,4.58,4.9669981,0.149414606,-0.64669085,3.003380775,0.145841307,-0.66686916,4.58,4.988072395,0,0,3.034992695,0,0.000709185,4.58,4.980475903,0.310228931,-0.796047166,3.042344332,0.303083824,-0.97378594,4.58,5.242193222,-0.3311644,0.159909236,2.961966753,-0.327589942,0.18742131,4.58,5.8854599,0.308531192,0.089472965,4.770219803,0.31482478,0.046535315,4.58,5.985197067,0.246246325,-1.842876505,4.331327915,0.220037169,-2.021070018,4.58,5.940597057,-0.110444427,0.011451358,4.273250103,-0.11248721,0.015009701
4.62,3.498389721,0.370643371,-0.076694989,3.060478449,0.008169313,-0.023874397,4.62,4.226200104,0.306826499,-0.038191124,2.937461376,0.306317376,-0.049635239,4.62,4.903284073,-0.135633349,0.030001234,2.927659273,-0.136992832,0.032608248,4.62,4.972144127,0.118269854,-0.670070496,3.007791758,0.114188592,-0.668880472,4.62,4.988072395,0,0,3.034992695,0,0.000118197,4.62,4.993463516,0.260540181,-1.089935087,3.055087328,0.240118802,-1.192651574,4.62,5.228960514,-0.315846999,0.343204786,2.948978901,-0.313465628,0.309627273,4.62,5.898202896,0.322995914,-0.097857857,4.783452511,0.322311123,-0.238952077,4.62,5.993528843,0.144309468,-2.153099135,4.337209225,0.1111269,-2.075322892,4.62,5.936186314,-0.110274553,0.005076053,4.268594265,-0.111806393,0.034513435
4.66,3.513092995,0.367581182,-0.077282757,3.060723543,-0.000510779,-0.099517106,4.66,4.238452435,0.305635068,-0.04335755,2.949713945,0.303934846,-0.047976795,4.66,4.897892475,-0.134952532,0.018695898,2.922267914,-0.134780341,0.040778361,4.66,4.976064682,0.093936258,-0.652666721,3.011957645,0.09274698,-0.667349769,4.66,4.988072395,0,0,3.034992695,0,0,4.66,5.001550674,0.205403566,-0.971416586,3.061213493,0.184811486,-0.881964778,4.66,5.216707706,-0.295425786,0.295571201,2.936726093,-0.295936896,0.235773048,4.66,5.912170887,0.314826767,-0.642547269,4.796930313,0.305295322,-0.777460957,4.66,5.996714592,0.044415063,-1.697981569,4.339169979,0.0273986,-1.433760986,4.66,5.931775093,-0.110274553,0.005790297,4.264183044,-0.108742714,0.034513665
4.7,3.527796268,0.364518,-0.07989046,3.060233355,-0.005276336,-0.032383121,4.7,4.250705242,0.303255187,-0.041696576,2.961721659,0.30257437,-0.045502006,4.7,4.892501354,-0.134609143,0.016226169,2.916876793,-0.132736895,0.026830024,4.7,4.97974062,0.068072809,-0.658479094,3.015633583,0.06313622,-0.692533536,4.7,4.988072395,0,0,3.034992695,0,0,4.7,5.008656979,0.176813205,-0.693700564,3.06807518,0.168985128,-0.529092173,4.7,5.20568037,-0.284533699,0.044311868,2.925698757,-0.288788809,0.004374342,4.7,5.924668789,0.272281633,-1.219011107,4.808938026,0.258499053,-1.283387803,4.7,5.995244026,-0.008508563,-0.795685675,4.337699413,-0.010723538,-0.573879821,4.7,5.927364349,-0.110104349,0.01548364,4.260017395,-0.108061896,0.015129278
4.74,3.542254448,0.361284282,-0.083794081,3.05998826,-0.00272327,0.040542426,4.74,4.262712955,0.301213397,-0.012883526,2.973974466,0.300360719,-0.043614411,4.74,4.887110233,-0.134097536,0.023651914,2.911730766,-0.132397479,0.007914862,4.74,4.981701374,0.039310919,-0.609232596,3.01710391,0.032673279,-0.607325339,4.74,4.988072395,0,0,3.034992695,0,0,4.74,5.015273571,0.159456664,-0.60354095,3.074691534,0.157411728,-0.491385797,4.74,5.194653034,-0.291512079,-0.234481729,2.914181232,-0.2961071,-0.233284807,4.74,5.934715748,0.207104286,-1.534292083,4.818250179,0.192811423,-1.527449737,4.74,5.994019032,-0.008847978,-0.117366651,4.336719036,-0.005276336,-0.029051745,4.74,5.922953129,-0.109423531,0.033213493,4.255606174,-0.108742714,0.019384387
4.78,3.556712627,0.357880361,-0.087927153,3.05998826,0.001191431,0.042693046,4.78,4.274720669,0.301553143,0.026189251,2.985736847,0.298488637,-0.032371623,4.78,4.881719112,-0.132395493,0.025352716,2.906339407,-0.133248501,0.012130465,4.78,4.982681274,0.015824371,-0.474518188,3.017838955,0.011571414,-0.44438965,4.78,4.988072395,0,0,3.034992695,0,0,4.78,5.021890163,0.134438939,-0.656518671,3.081307888,0.134608812,-0.596309035,4.78,5.182645321,-0.308190783,-0.404785399,2.902173519,-0.310401784,-0.404920199,4.78,5.94133234,0.137504273,-1.51586505,4.824376583,0.125421087,-1.466940766,4.78,5.994264126,0.003401438,0.037210361,4.337209225,0.006127357,0.026576819,4.78,5.918542385,-0.107210875,0.043969325,4.251195431,-0.10704067,0.034395329
4.82,3.570925713,0.353625748,-0.078993148,3.060233355,0.002042452,0.00657178,4.82,4.286728382,0.304273433,0.032472919,2.99774456,0.298660331,-0.041410051,4.82,4.876573086,-0.131715669,0.018026979,2.900948286,-0.131715669,0.022962183,4.82,4.982681274,0.000169211,-0.30318052,3.017838955,-0.00289215,-0.269524351,4.82,4.988072395,0,0,3.034992695,0,0,4.82,5.026300907,0.10312597,-0.648163696,3.08571887,0.10431889,-0.611849198,4.82,5.169902325,-0.325547324,-0.510708762,2.889430761,-0.328950584,-0.542453663,4.82,5.945253372,0.079132451,-1.286558347,4.827807426,0.069771541,-1.224217362,4.82,5.994998932,0.002550417,-0.069698457,4.337944508,0.00272327,-0.110754099,4.82,5.914376259,-0.104998218,0.033212619,4.247029305,-0.104998218,0.029312102
4.86,3.584893703,0.351584951,-0.069417381,3.060233355,0.000680817,-0.012079783,4.86,4.298980713,0.307677521,-0.046230278,3.009752274,0.296107762,-0.0688398,4.86,4.871181965,-0.131208036,0.013026627,2.895802259,-0.130184988,0.009903362,4.86,4.98243618,-0.007487999,-0.15168253,3.017349005,-0.009359254,-0.116666836,4.86,4.988072395,0,0,3.034992695,0,0,4.86,5.02973175,0.079642402,-0.568770355,3.089149714,0.083387891,-0.562823435,4.86,5.156914711,-0.350222323,-0.559434364,2.876197815,-0.355837908,-0.609752412,4.86,5.94721365,0.033694506,-1.001269683,4.82952261,0.027056535,-0.93889287,4.86,5.994753838,-0.006294582,-0.12878593,4.337699413,-0.008339683,-0.154258499,4.86,5.910210609,-0.1043174,0.015360752,4.242863655,-0.1043174,0.014533369
4.9,3.599107027,0.34869204,-0.072212269,3.060233355,0.000204245,-0.009503078,4.9,4.311723709,0.302540263,-0.167014629,3.021514893,0.292023023,-0.072155355,4.9,4.866035461,-0.130084753,-0.004451239,2.890655994,-0.131104489,0.000376047,4.9,4.981945992,-0.010412137,-0.049109053,3.016858816,-0.009598831,-0.038059325,4.9,4.988072395,0,0,3.034992695,0,0,4.9,5.032672405,0.058505336,-0.499465192,3.092580557,0.060753723,-0.531218946,4.9,5.141966343,-0.37493368,-0.497692506,2.861004591,-0.38228333,-0.566497376,4.9,5.947703838,-0.00051101,-0.739440598,4.829767704,-0.005412896,-0.667885636,4.9,5.994264126,-0.011229515,-0.107864608,4.33696413,-0.013478796,-0.104516262,4.9,5.906044483,-0.104147394,0.005376008,4.238697529,-0.104147394,0.005234171
4.94,3.612829924,0.34520328,-0.062859514,3.060233355,0,-0.005295247,4.94,4.323486328,0.290916198,-0.22138239,3.033032417,0.289384855,-0.055965358,4.94,4.860889435,-0.131375757,-0.025307553,2.885264874,-0.13112194,0.00903353,4.94,4.98145628,-0.009526643,0.006888545,3.016613722,-0.009786503,-0.020683985,4.94,4.988072395,0,0,3.034992695,0,0,4.94,5.034387589,0.039480295,-0.423553043,3.094050884,0.03888458,-0.456137686,4.94,5.126527786,-0.391405655,-0.402454793,2.845321178,-0.402468277,-0.488222232,4.94,5.946723461,-0.023228592,-0.53265631,4.828542233,-0.024420023,-0.446407952,4.94,5.993773937,-0.014465551,-0.082939219,4.336473942,-0.015398694,-0.066728136,4.94,5.901878834,-0.104147858,0.001327169,4.234531879,-0.104147858,0.001327169
4.98,3.626553059,0.343757868,-0.049497656,3.060233355,0,-0.001796602,4.98,4.334513664,0.282151169,-0.229970679,3.044549942,0.288278527,-0.040305112,4.98,4.855498314,-0.133076641,-0.036322546,2.880118608,-0.130016936,0.018577425,4.98,4.981211185,-0.007826752,0.031550587,3.016123533,-0.01089308,-0.021355227,4.98,4.988072395,0,0,3.034992695,0,0,4.98,5.035122871,0.02688898,-0.362394906,3.094785929,0.026205182,-0.381865159,4.98,5.110109329,-0.402975745,-0.334736696,2.8281672,-0.417956379,-0.428514624,4.98,5.945008278,-0.035734309,-0.399514113,4.827072144,-0.033011039,-0.305807149,4.98,5.993038654,-0.016679366,-0.064803724,4.335739136,-0.017011828,-0.046929781,4.98,5.897712708,-0.104150507,0.000185713,4.230365753,-0.104150507,0.000185713
